query	superkingdom	kingdom	subkingdom	superphylum	phylum	subphylum	superclass	class	subclass	infraclass	cohort	subcohort	superorder	order	suborder	infraorder	parvorder	superfamily	family	subfamily	tribe	subtribe	genus	subgenus	section	subsection	series	species group	species subgroup	species	subspecies	varietas	forma	forma specialis	strain	isolate
otu_001	Eukaryota	Metazoa	Chordata	Chordata	Chordata	Craniata	Actinopterygii	Actinopteri	Neopterygii	Teleostei	Anguilliformes	Anguilliformes	Anguilliformes	Anguilliformes	Chlopsidae	Chlopsidae	Chlopsidae	Chlopsidae	Chlopsidae	Kaupichthys	Kaupichthys	Kaupichthys	Kaupichthys	Kaupichthys hyoproroides	Kaupichthys hyoproroides	Kaupichthys hyoproroides	Kaupichthys hyoproroides	Kaupichthys hyoproroides	Kaupichthys hyoproroides	Kaupichthys hyoproroides	unidentified Kaupichthys hyoproroides	unidentified Kaupichthys hyoproroides	unidentified Kaupichthys hyoproroides	unidentified Kaupichthys hyoproroides	unidentified Kaupichthys hyoproroides	unidentified Kaupichthys hyoproroides
otu_002	Eukaryota	Metazoa	Chordata	Chordata	Chordata	Craniata	Actinopterygii	Actinopteri	Neopterygii	Teleostei	Euteleosteomorpha	Uranoscopiformes	Uranoscopiformes	Uranoscopiformes	Uranoscopidae	Uranoscopidae	Uranoscopidae	Uranoscopidae	Uranoscopidae	Uranoscopus	Uranoscopus	Uranoscopus	Uranoscopus	Uranoscopus cognatus	Uranoscopus cognatus	Uranoscopus cognatus	Uranoscopus cognatus	Uranoscopus cognatus	Uranoscopus cognatus	Uranoscopus cognatus	unidentified Uranoscopus cognatus	unidentified Uranoscopus cognatus	unidentified Uranoscopus cognatus	unidentified Uranoscopus cognatus	unidentified Uranoscopus cognatus	unidentified Uranoscopus cognatus
otu_003	Eukaryota	Metazoa	Chordata	Chordata	Chordata	Craniata	Actinopterygii	Actinopteri	Neopterygii	Teleostei	Euteleosteomorpha	Gadiformes	Gadiformes	Gadiformes	Macrouroidei	Macrouridae	Macrouridae	Macrouridae	Macrouridae	Macrouroidinae	Squalogadus	Squalogadus	Squalogadus	Squalogadus modificatus	Squalogadus modificatus	Squalogadus modificatus	Squalogadus modificatus	Squalogadus modificatus	Squalogadus modificatus	Squalogadus modificatus	unidentified Squalogadus modificatus	unidentified Squalogadus modificatus	unidentified Squalogadus modificatus	unidentified Squalogadus modificatus	unidentified Squalogadus modificatus	unidentified Squalogadus modificatus
otu_004	Eukaryota	Metazoa	Chordata	Chordata	Chordata	Craniata	Actinopterygii	Actinopteri	Neopterygii	Teleostei	Euteleosteomorpha	Gobiiformes	Gobiiformes	Gobiiformes	Gobioidei	Gobiidae	Gobiidae	Gobiidae	Gobiidae	Gobiinae	Acentrogobius	Acentrogobius	Acentrogobius	Acentrogobius pflaumii	Acentrogobius pflaumii	Acentrogobius pflaumii	Acentrogobius pflaumii	Acentrogobius pflaumii	Acentrogobius pflaumii	Acentrogobius pflaumii	unidentified Acentrogobius pflaumii	unidentified Acentrogobius pflaumii	unidentified Acentrogobius pflaumii	unidentified Acentrogobius pflaumii	unidentified Acentrogobius pflaumii	unidentified Acentrogobius pflaumii
otu_005	Eukaryota	Metazoa	Chordata	Chordata	Chordata	Craniata	Actinopterygii	Actinopteri	Neopterygii	Teleostei	Otomorpha	Ostariophysi	Cypriniphysae	Cypriniformes	Cyprinoidei	Leuciscidae	Leuciscidae	Leuciscidae	Leuciscidae	Pogonichthyinae	Rhinichthys	Rhinichthys	Rhinichthys	Rhinichthys atratulus	Rhinichthys atratulus	Rhinichthys atratulus	Rhinichthys atratulus	Rhinichthys atratulus	Rhinichthys atratulus	Rhinichthys atratulus	unidentified Rhinichthys atratulus	unidentified Rhinichthys atratulus	unidentified Rhinichthys atratulus	unidentified Rhinichthys atratulus	unidentified Rhinichthys atratulus	unidentified Rhinichthys atratulus
otu_006	Eukaryota	Metazoa	Chordata	Chordata	Chordata	Craniata	Actinopterygii	Actinopteri	Neopterygii	Teleostei	Otomorpha	Ostariophysi	Cypriniphysae	Cypriniformes	Cyprinoidei	Danionidae	Danionidae	Danionidae	Danionidae	Chedrinae	Opsaridium	Opsaridium	Opsaridium	unidentified Opsaridium	unidentified Opsaridium	unidentified Opsaridium	unidentified Opsaridium	unidentified Opsaridium	unidentified Opsaridium	unidentified Opsaridium	unidentified Opsaridium	unidentified Opsaridium	unidentified Opsaridium	unidentified Opsaridium	unidentified Opsaridium	unidentified Opsaridium
otu_007	Eukaryota	Metazoa	Chordata	Chordata	Chordata	Craniata	Actinopterygii	Actinopteri	Neopterygii	Teleostei	Otomorpha	Ostariophysi	Characiphysae	Siluriformes	Siluroidei	Auchenipteridae	Auchenipteridae	Auchenipteridae	Auchenipteridae	Centromochlinae	unidentified Centromochlinae	unidentified Centromochlinae	unidentified Centromochlinae	unidentified Centromochlinae	unidentified Centromochlinae	unidentified Centromochlinae	unidentified Centromochlinae	unidentified Centromochlinae	unidentified Centromochlinae	unidentified Centromochlinae	unidentified Centromochlinae	unidentified Centromochlinae	unidentified Centromochlinae	unidentified Centromochlinae	unidentified Centromochlinae	unidentified Centromochlinae
otu_008	Eukaryota	Metazoa	Chordata	Chordata	Chordata	Craniata	Actinopterygii	Actinopteri	Neopterygii	Teleostei	Euteleosteomorpha	Perciformes	Perciformes	Perciformes	Scorpaenoidei	Scorpaenidae	Scorpaenidae	Scorpaenidae	Scorpaenidae	Pteroinae	Pterois	Pterois	Pterois	unidentified Pterois	unidentified Pterois	unidentified Pterois	unidentified Pterois	unidentified Pterois	unidentified Pterois	unidentified Pterois	unidentified Pterois	unidentified Pterois	unidentified Pterois	unidentified Pterois	unidentified Pterois	unidentified Pterois
otu_009	Eukaryota	Metazoa	Chordata	Chordata	Chordata	Craniata	Actinopterygii	Actinopteri	Neopterygii	Teleostei	Otomorpha	Clupei	Clupeiformes	Clupeiformes	Denticipitoidei	Denticipitidae	Denticipitidae	Denticipitidae	Denticipitidae	Denticeps	Denticeps	Denticeps	Denticeps	Denticeps clupeoides	Denticeps clupeoides	Denticeps clupeoides	Denticeps clupeoides	Denticeps clupeoides	Denticeps clupeoides	Denticeps clupeoides	unidentified Denticeps clupeoides	unidentified Denticeps clupeoides	unidentified Denticeps clupeoides	unidentified Denticeps clupeoides	unidentified Denticeps clupeoides	unidentified Denticeps clupeoides
otu_010	Eukaryota	Metazoa	Chordata	Chordata	Chordata	Craniata	Actinopterygii	Actinopteri	Neopterygii	Teleostei	Euteleosteomorpha	Syngnathiformes	Syngnathiformes	Syngnathiformes	Syngnathoidei	Syngnathidae	Syngnathidae	Syngnathidae	Syngnathidae	Syngnathinae	Doryichthys	Doryichthys	Doryichthys	Doryichthys boaja	Doryichthys boaja	Doryichthys boaja	Doryichthys boaja	Doryichthys boaja	Doryichthys boaja	Doryichthys boaja	unidentified Doryichthys boaja	unidentified Doryichthys boaja	unidentified Doryichthys boaja	unidentified Doryichthys boaja	unidentified Doryichthys boaja	unidentified Doryichthys boaja
otu_011	Eukaryota	Metazoa	Chordata	Chordata	Chordata	Craniata	Actinopterygii	Actinopteri	Neopterygii	Teleostei	Euteleosteomorpha	Gobiiformes	Gobiiformes	Gobiiformes	Eleotroidei	Eleotridae	Eleotridae	Eleotridae	Eleotridae	Eleotrinae	Eleotris	Eleotris	Eleotris	unidentified Eleotris	unidentified Eleotris	unidentified Eleotris	unidentified Eleotris	unidentified Eleotris	unidentified Eleotris	unidentified Eleotris	unidentified Eleotris	unidentified Eleotris	unidentified Eleotris	unidentified Eleotris	unidentified Eleotris	unidentified Eleotris
otu_012	Eukaryota	Metazoa	Chordata	Chordata	Chordata	Craniata	Actinopterygii	Actinopteri	Neopterygii	Teleostei	Euteleosteomorpha	Lutjaniformes	Lutjaniformes	Lutjaniformes	Lutjanidae	Lutjanidae	Lutjanidae	Lutjanidae	Lutjanidae	Etelinae	Pristipomoides	Pristipomoides	Pristipomoides	Pristipomoides multidens	Pristipomoides multidens	Pristipomoides multidens	Pristipomoides multidens	Pristipomoides multidens	Pristipomoides multidens	Pristipomoides multidens	unidentified Pristipomoides multidens	unidentified Pristipomoides multidens	unidentified Pristipomoides multidens	unidentified Pristipomoides multidens	unidentified Pristipomoides multidens	unidentified Pristipomoides multidens
otu_013	Eukaryota	Metazoa	Chordata	Chordata	Chordata	Craniata	Actinopterygii	Actinopteri	Neopterygii	Teleostei	Otomorpha	Ostariophysi	Characiphysae	Characiformes	Characoidei	Characidae	Characidae	Characidae	Characidae	Rhaphiodontinae	unidentified Rhaphiodontinae	unidentified Rhaphiodontinae	unidentified Rhaphiodontinae	unidentified Rhaphiodontinae	unidentified Rhaphiodontinae	unidentified Rhaphiodontinae	unidentified Rhaphiodontinae	unidentified Rhaphiodontinae	unidentified Rhaphiodontinae	unidentified Rhaphiodontinae	unidentified Rhaphiodontinae	unidentified Rhaphiodontinae	unidentified Rhaphiodontinae	unidentified Rhaphiodontinae	unidentified Rhaphiodontinae	unidentified Rhaphiodontinae
otu_014	Eukaryota	Metazoa	Chordata	Chordata	Chordata	Craniata	Actinopterygii	Actinopteri	Neopterygii	Teleostei	Euteleosteomorpha	Tetraodontiformes	Tetraodontiformes	Tetraodontiformes	Tetraodontoidei	Tetradontoidea	Tetradontoidea	Tetradontoidea	Tetraodontidae	unidentified Tetraodontidae	unidentified Tetraodontidae	unidentified Tetraodontidae	unidentified Tetraodontidae	unidentified Tetraodontidae	unidentified Tetraodontidae	unidentified Tetraodontidae	unidentified Tetraodontidae	unidentified Tetraodontidae	unidentified Tetraodontidae	unidentified Tetraodontidae	unidentified Tetraodontidae	unidentified Tetraodontidae	unidentified Tetraodontidae	unidentified Tetraodontidae	unidentified Tetraodontidae	unidentified Tetraodontidae
otu_015	Eukaryota	Metazoa	Chordata	Chordata	Chordata	Craniata	Actinopterygii	Actinopteri	Neopterygii	Teleostei	Otomorpha	Ostariophysi	Characiphysae	Gymnotiformes	Sternopygoidei	Rhamphichthyidae	Rhamphichthyidae	Rhamphichthyidae	Rhamphichthyidae	Gymnorhamphichthys	Gymnorhamphichthys	Gymnorhamphichthys	Gymnorhamphichthys	unidentified Gymnorhamphichthys	unidentified Gymnorhamphichthys	unidentified Gymnorhamphichthys	unidentified Gymnorhamphichthys	unidentified Gymnorhamphichthys	unidentified Gymnorhamphichthys	unidentified Gymnorhamphichthys	unidentified Gymnorhamphichthys	unidentified Gymnorhamphichthys	unidentified Gymnorhamphichthys	unidentified Gymnorhamphichthys	unidentified Gymnorhamphichthys	unidentified Gymnorhamphichthys
otu_016	Eukaryota	Metazoa	Chordata	Chordata	Chordata	Craniata	Actinopterygii	Actinopteri	Neopterygii	Teleostei	Euteleosteomorpha	unidentified Euteleosteomorpha	unidentified Euteleosteomorpha	unidentified Euteleosteomorpha	unidentified Euteleosteomorpha	unidentified Euteleosteomorpha	unidentified Euteleosteomorpha	unidentified Euteleosteomorpha	unidentified Euteleosteomorpha	unidentified Euteleosteomorpha	unidentified Euteleosteomorpha	unidentified Euteleosteomorpha	unidentified Euteleosteomorpha	unidentified Euteleosteomorpha	unidentified Euteleosteomorpha	unidentified Euteleosteomorpha	unidentified Euteleosteomorpha	unidentified Euteleosteomorpha	unidentified Euteleosteomorpha	unidentified Euteleosteomorpha	unidentified Euteleosteomorpha	unidentified Euteleosteomorpha	unidentified Euteleosteomorpha	unidentified Euteleosteomorpha	unidentified Euteleosteomorpha	unidentified Euteleosteomorpha
otu_017	Eukaryota	Metazoa	Chordata	Chordata	Chordata	Craniata	Actinopterygii	Actinopteri	Neopterygii	Teleostei	Otomorpha	Clupei	Clupeiformes	Clupeiformes	Clupeoidei	Engraulidae	Engraulidae	Engraulidae	Engraulidae	Engraulinae	Stolephorus	Stolephorus	Stolephorus	unidentified Stolephorus	unidentified Stolephorus	unidentified Stolephorus	unidentified Stolephorus	unidentified Stolephorus	unidentified Stolephorus	unidentified Stolephorus	unidentified Stolephorus	unidentified Stolephorus	unidentified Stolephorus	unidentified Stolephorus	unidentified Stolephorus	unidentified Stolephorus
otu_018	Eukaryota	Metazoa	Chordata	Chordata	Chordata	Craniata	Actinopterygii	Actinopteri	Neopterygii	Teleostei	Euteleosteomorpha	Tetraodontiformes	Tetraodontiformes	Tetraodontiformes	Tetraodontoidei	Tetradontoidea	Tetradontoidea	Tetradontoidea	Tetraodontidae	unidentified Tetraodontidae	unidentified Tetraodontidae	unidentified Tetraodontidae	unidentified Tetraodontidae	unidentified Tetraodontidae	unidentified Tetraodontidae	unidentified Tetraodontidae	unidentified Tetraodontidae	unidentified Tetraodontidae	unidentified Tetraodontidae	unidentified Tetraodontidae	unidentified Tetraodontidae	unidentified Tetraodontidae	unidentified Tetraodontidae	unidentified Tetraodontidae	unidentified Tetraodontidae	unidentified Tetraodontidae
otu_019	Eukaryota	Metazoa	Chordata	Chordata	Chordata	Craniata	Actinopterygii	Actinopteri	Neopterygii	Teleostei	Euteleosteomorpha	Myctophiformes	Myctophiformes	Myctophiformes	Myctophidae	Myctophidae	Myctophidae	Myctophidae	Myctophidae	Triphoturus	Triphoturus	Triphoturus	Triphoturus	Triphoturus mexicanus	Triphoturus mexicanus	Triphoturus mexicanus	Triphoturus mexicanus	Triphoturus mexicanus	Triphoturus mexicanus	Triphoturus mexicanus	unidentified Triphoturus mexicanus	unidentified Triphoturus mexicanus	unidentified Triphoturus mexicanus	unidentified Triphoturus mexicanus	unidentified Triphoturus mexicanus	unidentified Triphoturus mexicanus
otu_020	Eukaryota	Metazoa	Chordata	Chordata	Chordata	Craniata	Actinopterygii	Actinopteri	Neopterygii	Teleostei	Otomorpha	Ostariophysi	Characiphysae	Characiformes	Characoidei	Bryconidae	Bryconidae	Bryconidae	Bryconidae	Salmininae	Salminus	Salminus	Salminus	unidentified Salminus	unidentified Salminus	unidentified Salminus	unidentified Salminus	unidentified Salminus	unidentified Salminus	unidentified Salminus	unidentified Salminus	unidentified Salminus	unidentified Salminus	unidentified Salminus	unidentified Salminus	unidentified Salminus
otu_021	Eukaryota	Metazoa	Chordata	Chordata	Chordata	Craniata	Actinopterygii	Actinopteri	Neopterygii	Teleostei	Euteleosteomorpha	Gobiiformes	Gobiiformes	Gobiiformes	Gobioidei	Gobiidae	Gobiidae	Gobiidae	Gobiidae	Gobionellinae	unidentified Gobionellinae	unidentified Gobionellinae	unidentified Gobionellinae	unidentified Gobionellinae	unidentified Gobionellinae	unidentified Gobionellinae	unidentified Gobionellinae	unidentified Gobionellinae	unidentified Gobionellinae	unidentified Gobionellinae	unidentified Gobionellinae	unidentified Gobionellinae	unidentified Gobionellinae	unidentified Gobionellinae	unidentified Gobionellinae	unidentified Gobionellinae
otu_022	Eukaryota	Metazoa	Chordata	Chordata	Chordata	Craniata	Actinopterygii	Actinopteri	Neopterygii	Teleostei	Otomorpha	Ostariophysi	Characiphysae	Characiformes	Characoidei	Erythrinidae	Erythrinidae	Erythrinidae	Erythrinidae	Hoplias	Hoplias	Hoplias	Hoplias	Hoplias intermedius	Hoplias intermedius	Hoplias intermedius	Hoplias intermedius	Hoplias intermedius	Hoplias intermedius	Hoplias intermedius	unidentified Hoplias intermedius	unidentified Hoplias intermedius	unidentified Hoplias intermedius	unidentified Hoplias intermedius	unidentified Hoplias intermedius	unidentified Hoplias intermedius
otu_023	Eukaryota	Metazoa	Chordata	Chordata	Chordata	Craniata	Actinopterygii	Actinopteri	Neopterygii	Teleostei	Otomorpha	Ostariophysi	Cypriniphysae	Cypriniformes	Cyprinoidei	Danionidae	Danionidae	Danionidae	Danionidae	Chedrinae	Luciosoma	Luciosoma	Luciosoma	unidentified Luciosoma	unidentified Luciosoma	unidentified Luciosoma	unidentified Luciosoma	unidentified Luciosoma	unidentified Luciosoma	unidentified Luciosoma	unidentified Luciosoma	unidentified Luciosoma	unidentified Luciosoma	unidentified Luciosoma	unidentified Luciosoma	unidentified Luciosoma
otu_024	Eukaryota	Metazoa	Chordata	Chordata	Chordata	Craniata	Actinopterygii	Actinopteri	Neopterygii	Teleostei	Osteoglossiformes	Osteoglossiformes	Osteoglossiformes	Osteoglossiformes	Mormyridae	Mormyridae	Mormyridae	Mormyridae	Mormyridae	Campylomormyrus	Campylomormyrus	Campylomormyrus	Campylomormyrus	unidentified Campylomormyrus	unidentified Campylomormyrus	unidentified Campylomormyrus	unidentified Campylomormyrus	unidentified Campylomormyrus	unidentified Campylomormyrus	unidentified Campylomormyrus	unidentified Campylomormyrus	unidentified Campylomormyrus	unidentified Campylomormyrus	unidentified Campylomormyrus	unidentified Campylomormyrus	unidentified Campylomormyrus
otu_025	Eukaryota	Metazoa	Chordata	Chordata	Chordata	Craniata	Actinopterygii	Actinopteri	Neopterygii	Teleostei	Euteleosteomorpha	Atherinomorphae	Atherinomorphae	Cyprinodontiformes	Cyprinodontoidei	Poeciliidae	Poeciliidae	Poeciliidae	Poeciliidae	Poeciliinae	Poecilia	Poecilia	Poecilia	unidentified Poecilia	unidentified Poecilia	unidentified Poecilia	unidentified Poecilia	unidentified Poecilia	unidentified Poecilia	unidentified Poecilia	unidentified Poecilia	unidentified Poecilia	unidentified Poecilia	unidentified Poecilia	unidentified Poecilia	unidentified Poecilia
otu_026	Eukaryota	Metazoa	Chordata	Chordata	Chordata	Craniata	Actinopterygii	Actinopteri	Neopterygii	Teleostei	Otomorpha	Ostariophysi	Characiphysae	Characiformes	Characoidei	unidentified Characoidei	unidentified Characoidei	unidentified Characoidei	unidentified Characoidei	unidentified Characoidei	unidentified Characoidei	unidentified Characoidei	unidentified Characoidei	unidentified Characoidei	unidentified Characoidei	unidentified Characoidei	unidentified Characoidei	unidentified Characoidei	unidentified Characoidei	unidentified Characoidei	unidentified Characoidei	unidentified Characoidei	unidentified Characoidei	unidentified Characoidei	unidentified Characoidei	unidentified Characoidei
otu_027	Eukaryota	Metazoa	Chordata	Chordata	Chordata	Craniata	Actinopterygii	Actinopteri	Neopterygii	Teleostei	Euteleosteomorpha	Malacanthidae	Malacanthidae	Malacanthidae	Malacanthidae	Malacanthidae	Malacanthidae	Malacanthidae	Malacanthidae	Latilinae	Branchiostegus	Branchiostegus	Branchiostegus	unidentified Branchiostegus	unidentified Branchiostegus	unidentified Branchiostegus	unidentified Branchiostegus	unidentified Branchiostegus	unidentified Branchiostegus	unidentified Branchiostegus	unidentified Branchiostegus	unidentified Branchiostegus	unidentified Branchiostegus	unidentified Branchiostegus	unidentified Branchiostegus	unidentified Branchiostegus
otu_028	Eukaryota	Metazoa	Chordata	Chordata	Chordata	Craniata	Actinopterygii	Actinopteri	Neopterygii	Teleostei	Euteleosteomorpha	Syngnathiformes	Syngnathiformes	Syngnathiformes	Callionymoidei	Callionymidae	Callionymidae	Callionymidae	Callionymidae	unidentified Callionymidae	unidentified Callionymidae	unidentified Callionymidae	unidentified Callionymidae	unidentified Callionymidae	unidentified Callionymidae	unidentified Callionymidae	unidentified Callionymidae	unidentified Callionymidae	unidentified Callionymidae	unidentified Callionymidae	unidentified Callionymidae	unidentified Callionymidae	unidentified Callionymidae	unidentified Callionymidae	unidentified Callionymidae	unidentified Callionymidae
otu_029	Eukaryota	Metazoa	Chordata	Chordata	Chordata	Craniata	Actinopterygii	Actinopteri	Neopterygii	Holostei	Amiiformes	Amiiformes	Amiiformes	Amiiformes	Amiidae	Amiidae	Amiidae	Amiidae	Amiidae	Amia	Amia	Amia	Amia	Amia calva	Amia calva	Amia calva	Amia calva	Amia calva	Amia calva	Amia calva	unidentified Amia calva	unidentified Amia calva	unidentified Amia calva	unidentified Amia calva	unidentified Amia calva	unidentified Amia calva
otu_030	Eukaryota	Metazoa	Chordata	Chordata	Chordata	Craniata	Actinopterygii	Actinopteri	Neopterygii	Teleostei	Otomorpha	Ostariophysi	Cypriniphysae	Cypriniformes	Cyprinoidei	Danionidae	Danionidae	Danionidae	Danionidae	Rasborinae	unidentified Rasborinae	unidentified Rasborinae	unidentified Rasborinae	unidentified Rasborinae	unidentified Rasborinae	unidentified Rasborinae	unidentified Rasborinae	unidentified Rasborinae	unidentified Rasborinae	unidentified Rasborinae	unidentified Rasborinae	unidentified Rasborinae	unidentified Rasborinae	unidentified Rasborinae	unidentified Rasborinae	unidentified Rasborinae
otu_031	Eukaryota	Metazoa	Chordata	Chordata	Chordata	Craniata	Actinopterygii	Actinopteri	Neopterygii	Teleostei	Otomorpha	Clupei	Clupeiformes	Clupeiformes	Clupeoidei	Engraulidae	Engraulidae	Engraulidae	Engraulidae	Coilinae	unidentified Coilinae	unidentified Coilinae	unidentified Coilinae	unidentified Coilinae	unidentified Coilinae	unidentified Coilinae	unidentified Coilinae	unidentified Coilinae	unidentified Coilinae	unidentified Coilinae	unidentified Coilinae	unidentified Coilinae	unidentified Coilinae	unidentified Coilinae	unidentified Coilinae	unidentified Coilinae
otu_032	Eukaryota	Metazoa	Chordata	Chordata	Chordata	Craniata	Actinopterygii	Actinopteri	Neopterygii	Teleostei	Euteleosteomorpha	Scombriformes	Scombriformes	Scombriformes	Bramidae	Bramidae	Bramidae	Bramidae	Bramidae	Eumegistus	Eumegistus	Eumegistus	Eumegistus	Eumegistus illustris	Eumegistus illustris	Eumegistus illustris	Eumegistus illustris	Eumegistus illustris	Eumegistus illustris	Eumegistus illustris	unidentified Eumegistus illustris	unidentified Eumegistus illustris	unidentified Eumegistus illustris	unidentified Eumegistus illustris	unidentified Eumegistus illustris	unidentified Eumegistus illustris
otu_033	Eukaryota	Metazoa	Chordata	Chordata	Chordata	Craniata	Actinopterygii	Actinopteri	Neopterygii	Teleostei	Anguilliformes	Anguilliformes	Anguilliformes	Anguilliformes	Muraenidae	Muraenidae	Muraenidae	Muraenidae	Muraenidae	Muraeninae	unidentified Muraeninae	unidentified Muraeninae	unidentified Muraeninae	unidentified Muraeninae	unidentified Muraeninae	unidentified Muraeninae	unidentified Muraeninae	unidentified Muraeninae	unidentified Muraeninae	unidentified Muraeninae	unidentified Muraeninae	unidentified Muraeninae	unidentified Muraeninae	unidentified Muraeninae	unidentified Muraeninae	unidentified Muraeninae
otu_034	Eukaryota	Metazoa	Chordata	Chordata	Chordata	Craniata	Actinopterygii	Actinopteri	Neopterygii	Teleostei	Otomorpha	Ostariophysi	Cypriniphysae	Cypriniformes	Cyprinoidei	Cyprinidae	Cyprinidae	Cyprinidae	Cyprinidae	Labeoninae	Garrini	Tariqilabeo	Tariqilabeo	unidentified Tariqilabeo	unidentified Tariqilabeo	unidentified Tariqilabeo	unidentified Tariqilabeo	unidentified Tariqilabeo	unidentified Tariqilabeo	unidentified Tariqilabeo	unidentified Tariqilabeo	unidentified Tariqilabeo	unidentified Tariqilabeo	unidentified Tariqilabeo	unidentified Tariqilabeo	unidentified Tariqilabeo
otu_035	Eukaryota	Metazoa	Chordata	Chordata	Chordata	Craniata	Actinopterygii	Actinopteri	Neopterygii	Teleostei	Euteleosteomorpha	Gobiiformes	Gobiiformes	Gobiiformes	Gobioidei	Odontobutidae	Odontobutidae	Odontobutidae	Odontobutidae	Odontobutis	Odontobutis	Odontobutis	Odontobutis	Odontobutis platycephala	Odontobutis platycephala	Odontobutis platycephala	Odontobutis platycephala	Odontobutis platycephala	Odontobutis platycephala	Odontobutis platycephala	unidentified Odontobutis platycephala	unidentified Odontobutis platycephala	unidentified Odontobutis platycephala	unidentified Odontobutis platycephala	unidentified Odontobutis platycephala	unidentified Odontobutis platycephala
otu_036	Eukaryota	Metazoa	Chordata	Chordata	Chordata	Craniata	Actinopterygii	Actinopteri	Neopterygii	Teleostei	Otomorpha	Ostariophysi	Characiphysae	Siluriformes	Siluroidei	Sisoridae	Sisoridae	Sisoridae	Sisoridae	Glyptosterninae	unidentified Glyptosterninae	unidentified Glyptosterninae	unidentified Glyptosterninae	unidentified Glyptosterninae	unidentified Glyptosterninae	unidentified Glyptosterninae	unidentified Glyptosterninae	unidentified Glyptosterninae	unidentified Glyptosterninae	unidentified Glyptosterninae	unidentified Glyptosterninae	unidentified Glyptosterninae	unidentified Glyptosterninae	unidentified Glyptosterninae	unidentified Glyptosterninae	unidentified Glyptosterninae
otu_037	Eukaryota	Metazoa	Chordata	Chordata	Chordata	Craniata	Actinopterygii	Actinopteri	Neopterygii	Teleostei	Euteleosteomorpha	Gobiiformes	Gobiiformes	Gobiiformes	Gobioidei	Gobiidae	Gobiidae	Gobiidae	Gobiidae	Gobiinae	Acentrogobius	Acentrogobius	Acentrogobius	Acentrogobius caninus	Acentrogobius caninus	Acentrogobius caninus	Acentrogobius caninus	Acentrogobius caninus	Acentrogobius caninus	Acentrogobius caninus	unidentified Acentrogobius caninus	unidentified Acentrogobius caninus	unidentified Acentrogobius caninus	unidentified Acentrogobius caninus	unidentified Acentrogobius caninus	unidentified Acentrogobius caninus
otu_038	Eukaryota	Metazoa	Chordata	Chordata	Chordata	Craniata	Actinopterygii	Actinopteri	Neopterygii	Teleostei	Otomorpha	Clupei	Clupeiformes	Clupeiformes	Clupeoidei	Clupeidae	Clupeidae	Clupeidae	Clupeidae	Spratelloidinae	Spratelloides	Spratelloides	Spratelloides	Spratelloides delicatulus	Spratelloides delicatulus	Spratelloides delicatulus	Spratelloides delicatulus	Spratelloides delicatulus	Spratelloides delicatulus	Spratelloides delicatulus	unidentified Spratelloides delicatulus	unidentified Spratelloides delicatulus	unidentified Spratelloides delicatulus	unidentified Spratelloides delicatulus	unidentified Spratelloides delicatulus	unidentified Spratelloides delicatulus
otu_039	Eukaryota	Metazoa	Chordata	Chordata	Chordata	Craniata	Actinopterygii	Actinopteri	Neopterygii	Teleostei	Euteleosteomorpha	Scombriformes	Scombriformes	Scombriformes	Trichiuridae	Trichiuridae	Trichiuridae	Trichiuridae	Trichiuridae	Aphanopodinae	Benthodesmus	Benthodesmus	Benthodesmus	Benthodesmus tenuis	Benthodesmus tenuis	Benthodesmus tenuis	Benthodesmus tenuis	Benthodesmus tenuis	Benthodesmus tenuis	Benthodesmus tenuis	unidentified Benthodesmus tenuis	unidentified Benthodesmus tenuis	unidentified Benthodesmus tenuis	unidentified Benthodesmus tenuis	unidentified Benthodesmus tenuis	unidentified Benthodesmus tenuis
otu_040	Eukaryota	Metazoa	Chordata	Chordata	Chordata	Craniata	Actinopterygii	Actinopteri	Neopterygii	Teleostei	Euteleosteomorpha	Tetraodontiformes	Tetraodontiformes	Tetraodontiformes	Triacanthoidea	Triacanthoidea	Triacanthoidea	Triacanthoidea	Triacanthidae	unidentified Triacanthidae	unidentified Triacanthidae	unidentified Triacanthidae	unidentified Triacanthidae	unidentified Triacanthidae	unidentified Triacanthidae	unidentified Triacanthidae	unidentified Triacanthidae	unidentified Triacanthidae	unidentified Triacanthidae	unidentified Triacanthidae	unidentified Triacanthidae	unidentified Triacanthidae	unidentified Triacanthidae	unidentified Triacanthidae	unidentified Triacanthidae	unidentified Triacanthidae
otu_041	Eukaryota	Metazoa	Chordata	Chordata	Chordata	Craniata	Actinopterygii	Actinopteri	Neopterygii	Teleostei	Euteleosteomorpha	Perciformes	Perciformes	Perciformes	Notothenioidei	Bovichtidae	Bovichtidae	Bovichtidae	Bovichtidae	Bovichtus	Bovichtus	Bovichtus	Bovichtus	unidentified Bovichtus	unidentified Bovichtus	unidentified Bovichtus	unidentified Bovichtus	unidentified Bovichtus	unidentified Bovichtus	unidentified Bovichtus	unidentified Bovichtus	unidentified Bovichtus	unidentified Bovichtus	unidentified Bovichtus	unidentified Bovichtus	unidentified Bovichtus
otu_042	Eukaryota	Metazoa	Chordata	Chordata	Chordata	Craniata	Actinopterygii	Actinopteri	Neopterygii	Teleostei	Euteleosteomorpha	Pleuronectiformes	Pleuronectiformes	Pleuronectiformes	Pleuronectoidei	Bothidae	Bothidae	Bothidae	Bothidae	Bothus	Bothus	Bothus	Bothus	Bothus pantherinus	Bothus pantherinus	Bothus pantherinus	Bothus pantherinus	Bothus pantherinus	Bothus pantherinus	Bothus pantherinus	unidentified Bothus pantherinus	unidentified Bothus pantherinus	unidentified Bothus pantherinus	unidentified Bothus pantherinus	unidentified Bothus pantherinus	unidentified Bothus pantherinus
otu_043	Eukaryota	Metazoa	Chordata	Chordata	Chordata	Craniata	Actinopterygii	Actinopteri	Neopterygii	Teleostei	Otomorpha	Ostariophysi	Cypriniphysae	Cypriniformes	Cobitoidei	unidentified Cobitoidei	unidentified Cobitoidei	unidentified Cobitoidei	unidentified Cobitoidei	unidentified Cobitoidei	unidentified Cobitoidei	unidentified Cobitoidei	unidentified Cobitoidei	unidentified Cobitoidei	unidentified Cobitoidei	unidentified Cobitoidei	unidentified Cobitoidei	unidentified Cobitoidei	unidentified Cobitoidei	unidentified Cobitoidei	unidentified Cobitoidei	unidentified Cobitoidei	unidentified Cobitoidei	unidentified Cobitoidei	unidentified Cobitoidei	unidentified Cobitoidei
otu_044	Eukaryota	Metazoa	Chordata	Chordata	Chordata	Craniata	Actinopterygii	Actinopteri	Neopterygii	Teleostei	Euteleosteomorpha	Pleuronectiformes	Pleuronectiformes	Pleuronectiformes	Pleuronectoidei	Cynoglossidae	Cynoglossidae	Cynoglossidae	Cynoglossidae	Cynoglossinae	Paraplagusia	Paraplagusia	Paraplagusia	unidentified Paraplagusia	unidentified Paraplagusia	unidentified Paraplagusia	unidentified Paraplagusia	unidentified Paraplagusia	unidentified Paraplagusia	unidentified Paraplagusia	unidentified Paraplagusia	unidentified Paraplagusia	unidentified Paraplagusia	unidentified Paraplagusia	unidentified Paraplagusia	unidentified Paraplagusia
otu_045	Eukaryota	Metazoa	Chordata	Chordata	Chordata	Craniata	Actinopterygii	Actinopteri	Neopterygii	Teleostei	Otomorpha	Ostariophysi	Cypriniphysae	Cypriniformes	Cyprinoidei	Cyprinidae	Cyprinidae	Cyprinidae	Cyprinidae	Smiliogastrinae	unidentified Smiliogastrinae	unidentified Smiliogastrinae	unidentified Smiliogastrinae	unidentified Smiliogastrinae	unidentified Smiliogastrinae	unidentified Smiliogastrinae	unidentified Smiliogastrinae	unidentified Smiliogastrinae	unidentified Smiliogastrinae	unidentified Smiliogastrinae	unidentified Smiliogastrinae	unidentified Smiliogastrinae	unidentified Smiliogastrinae	unidentified Smiliogastrinae	unidentified Smiliogastrinae	unidentified Smiliogastrinae
otu_046	Eukaryota	Metazoa	Chordata	Chordata	Chordata	Craniata	Actinopterygii	Actinopteri	Neopterygii	Teleostei	Euteleosteomorpha	Beryciformes	Beryciformes	Beryciformes	Melamphaidae	Melamphaidae	Melamphaidae	Melamphaidae	Melamphaidae	Poromitra	Poromitra	Poromitra	Poromitra	Poromitra oscitans	Poromitra oscitans	Poromitra oscitans	Poromitra oscitans	Poromitra oscitans	Poromitra oscitans	Poromitra oscitans	unidentified Poromitra oscitans	unidentified Poromitra oscitans	unidentified Poromitra oscitans	unidentified Poromitra oscitans	unidentified Poromitra oscitans	unidentified Poromitra oscitans
otu_047	Eukaryota	Metazoa	Chordata	Chordata	Chordata	Craniata	Actinopterygii	Actinopteri	Neopterygii	Teleostei	Euteleosteomorpha	Perciformes	Perciformes	Perciformes	Cottioidei	Cottales	Cottidae	Cottidae	Cottidae	Cottiusculus	Cottiusculus	Cottiusculus	Cottiusculus	unidentified Cottiusculus	unidentified Cottiusculus	unidentified Cottiusculus	unidentified Cottiusculus	unidentified Cottiusculus	unidentified Cottiusculus	unidentified Cottiusculus	unidentified Cottiusculus	unidentified Cottiusculus	unidentified Cottiusculus	unidentified Cottiusculus	unidentified Cottiusculus	unidentified Cottiusculus
otu_048	Eukaryota	Metazoa	Chordata	Chordata	Chordata	Craniata	Actinopterygii	Actinopteri	Neopterygii	Teleostei	Otomorpha	Ostariophysi	Cypriniphysae	Cypriniformes	Cyprinoidei	Cyprinidae	Cyprinidae	Cyprinidae	Cyprinidae	Smiliogastrinae	Osteobrama	Osteobrama	Osteobrama	unidentified Osteobrama	unidentified Osteobrama	unidentified Osteobrama	unidentified Osteobrama	unidentified Osteobrama	unidentified Osteobrama	unidentified Osteobrama	unidentified Osteobrama	unidentified Osteobrama	unidentified Osteobrama	unidentified Osteobrama	unidentified Osteobrama	unidentified Osteobrama
otu_049	Eukaryota	Metazoa	Chordata	Chordata	Chordata	Craniata	Actinopterygii	Actinopteri	Neopterygii	Teleostei	Otomorpha	Clupei	Clupeiformes	Clupeiformes	Clupeoidei	Engraulidae	Engraulidae	Engraulidae	Engraulidae	Coilinae	Coilia	Coilia	Coilia	unidentified Coilia	unidentified Coilia	unidentified Coilia	unidentified Coilia	unidentified Coilia	unidentified Coilia	unidentified Coilia	unidentified Coilia	unidentified Coilia	unidentified Coilia	unidentified Coilia	unidentified Coilia	unidentified Coilia
otu_050	Eukaryota	Metazoa	Chordata	Chordata	Chordata	Craniata	Actinopterygii	Actinopteri	Neopterygii	Teleostei	Euteleosteomorpha	Syngnathiformes	Syngnathiformes	Syngnathiformes	Mulloidea	Mullidae	Mullidae	Mullidae	Mullidae	Parupeneus	Parupeneus	Parupeneus	Parupeneus	Parupeneus chrysopleuron	Parupeneus chrysopleuron	Parupeneus chrysopleuron	Parupeneus chrysopleuron	Parupeneus chrysopleuron	Parupeneus chrysopleuron	Parupeneus chrysopleuron	unidentified Parupeneus chrysopleuron	unidentified Parupeneus chrysopleuron	unidentified Parupeneus chrysopleuron	unidentified Parupeneus chrysopleuron	unidentified Parupeneus chrysopleuron	unidentified Parupeneus chrysopleuron
otu_051	Eukaryota	Metazoa	Chordata	Chordata	Chordata	Craniata	Actinopterygii	Actinopteri	Neopterygii	Teleostei	Euteleosteomorpha	unidentified Euteleosteomorpha	unidentified Euteleosteomorpha	unidentified Euteleosteomorpha	unidentified Euteleosteomorpha	unidentified Euteleosteomorpha	unidentified Euteleosteomorpha	unidentified Euteleosteomorpha	unidentified Euteleosteomorpha	unidentified Euteleosteomorpha	unidentified Euteleosteomorpha	unidentified Euteleosteomorpha	unidentified Euteleosteomorpha	unidentified Euteleosteomorpha	unidentified Euteleosteomorpha	unidentified Euteleosteomorpha	unidentified Euteleosteomorpha	unidentified Euteleosteomorpha	unidentified Euteleosteomorpha	unidentified Euteleosteomorpha	unidentified Euteleosteomorpha	unidentified Euteleosteomorpha	unidentified Euteleosteomorpha	unidentified Euteleosteomorpha	unidentified Euteleosteomorpha	unidentified Euteleosteomorpha
otu_052	Eukaryota	Metazoa	Chordata	Chordata	Chordata	Craniata	Actinopterygii	Actinopteri	Neopterygii	Teleostei	Euteleosteomorpha	Perciformes	Perciformes	Perciformes	Serranoidei	Serranidae	Serranidae	Serranidae	Serranidae	Epinephelinae	Epinephelini	Variola	Variola	Variola albimarginata	Variola albimarginata	Variola albimarginata	Variola albimarginata	Variola albimarginata	Variola albimarginata	Variola albimarginata	unidentified Variola albimarginata	unidentified Variola albimarginata	unidentified Variola albimarginata	unidentified Variola albimarginata	unidentified Variola albimarginata	unidentified Variola albimarginata
otu_053	Eukaryota	Metazoa	Chordata	Chordata	Chordata	Craniata	Actinopterygii	Actinopteri	Neopterygii	Teleostei	Euteleosteomorpha	Scombriformes	Scombriformes	Scombriformes	Centrolophidae	Centrolophidae	Centrolophidae	Centrolophidae	Centrolophidae	unidentified Centrolophidae	unidentified Centrolophidae	unidentified Centrolophidae	unidentified Centrolophidae	unidentified Centrolophidae	unidentified Centrolophidae	unidentified Centrolophidae	unidentified Centrolophidae	unidentified Centrolophidae	unidentified Centrolophidae	unidentified Centrolophidae	unidentified Centrolophidae	unidentified Centrolophidae	unidentified Centrolophidae	unidentified Centrolophidae	unidentified Centrolophidae	unidentified Centrolophidae
otu_054	Eukaryota	Metazoa	Chordata	Chordata	Chordata	Craniata	Actinopterygii	Actinopteri	Neopterygii	Teleostei	Euteleosteomorpha	Gadiformes	Gadiformes	Gadiformes	Macrouroidei	Macrouridae	Macrouridae	Macrouridae	Macrouridae	Macrourinae	Coelorinchus	Coelorinchus	Coelorinchus	Coelorinchus kishinouyei	Coelorinchus kishinouyei	Coelorinchus kishinouyei	Coelorinchus kishinouyei	Coelorinchus kishinouyei	Coelorinchus kishinouyei	Coelorinchus kishinouyei	unidentified Coelorinchus kishinouyei	unidentified Coelorinchus kishinouyei	unidentified Coelorinchus kishinouyei	unidentified Coelorinchus kishinouyei	unidentified Coelorinchus kishinouyei	unidentified Coelorinchus kishinouyei
otu_055	Eukaryota	Metazoa	Chordata	Chordata	Chordata	Craniata	Actinopterygii	Actinopteri	Neopterygii	Teleostei	Euteleosteomorpha	Centrarchiformes	Centrarchiformes	Centrarchiformes	Centrarchoidei	Centrarchoidei	Centrarchoidei	Centrarchoidei	Sinipercidae	Coreoperca	Coreoperca	Coreoperca	Coreoperca	Coreoperca kawamebari	Coreoperca kawamebari	Coreoperca kawamebari	Coreoperca kawamebari	Coreoperca kawamebari	Coreoperca kawamebari	Coreoperca kawamebari	unidentified Coreoperca kawamebari	unidentified Coreoperca kawamebari	unidentified Coreoperca kawamebari	unidentified Coreoperca kawamebari	unidentified Coreoperca kawamebari	unidentified Coreoperca kawamebari
otu_056	Eukaryota	Metazoa	Chordata	Chordata	Chordata	Craniata	Actinopterygii	Actinopteri	Neopterygii	Teleostei	Euteleosteomorpha	Pleuronectiformes	Pleuronectiformes	Pleuronectiformes	Pleuronectoidei	Cynoglossidae	Cynoglossidae	Cynoglossidae	Cynoglossidae	Cynoglossinae	Cynoglossus	Cynoglossus	Cynoglossus	unidentified Cynoglossus	unidentified Cynoglossus	unidentified Cynoglossus	unidentified Cynoglossus	unidentified Cynoglossus	unidentified Cynoglossus	unidentified Cynoglossus	unidentified Cynoglossus	unidentified Cynoglossus	unidentified Cynoglossus	unidentified Cynoglossus	unidentified Cynoglossus	unidentified Cynoglossus
otu_057	Eukaryota	Metazoa	Chordata	Chordata	Chordata	Craniata	Actinopterygii	Actinopteri	Neopterygii	Teleostei	Euteleosteomorpha	Plesiopidae	Plesiopidae	Plesiopidae	Plesiopidae	Plesiopidae	Plesiopidae	Plesiopidae	Plesiopidae	Plesiopinae	Plesiops	Plesiops	Plesiops	unidentified Plesiops	unidentified Plesiops	unidentified Plesiops	unidentified Plesiops	unidentified Plesiops	unidentified Plesiops	unidentified Plesiops	unidentified Plesiops	unidentified Plesiops	unidentified Plesiops	unidentified Plesiops	unidentified Plesiops	unidentified Plesiops
otu_058	Eukaryota	Metazoa	Chordata	Chordata	Chordata	Craniata	Actinopterygii	Actinopteri	Neopterygii	Teleostei	Euteleosteomorpha	Perciformes	Perciformes	Perciformes	Notothenioidei	Nototheniidae	Nototheniidae	Nototheniidae	Nototheniidae	Pagothenia	Pagothenia	Pagothenia	Pagothenia	Pagothenia borchgrevinki	Pagothenia borchgrevinki	Pagothenia borchgrevinki	Pagothenia borchgrevinki	Pagothenia borchgrevinki	Pagothenia borchgrevinki	Pagothenia borchgrevinki	unidentified Pagothenia borchgrevinki	unidentified Pagothenia borchgrevinki	unidentified Pagothenia borchgrevinki	unidentified Pagothenia borchgrevinki	unidentified Pagothenia borchgrevinki	unidentified Pagothenia borchgrevinki
otu_059	Eukaryota	Metazoa	Chordata	Chordata	Chordata	Craniata	Actinopterygii	Actinopteri	Neopterygii	Teleostei	Notacanthiformes	Notacanthiformes	Notacanthiformes	Notacanthiformes	Halosauridae	Halosauridae	Halosauridae	Halosauridae	Halosauridae	Aldrovandia	Aldrovandia	Aldrovandia	Aldrovandia	unidentified Aldrovandia	unidentified Aldrovandia	unidentified Aldrovandia	unidentified Aldrovandia	unidentified Aldrovandia	unidentified Aldrovandia	unidentified Aldrovandia	unidentified Aldrovandia	unidentified Aldrovandia	unidentified Aldrovandia	unidentified Aldrovandia	unidentified Aldrovandia	unidentified Aldrovandia
otu_060	Eukaryota	Metazoa	Chordata	Chordata	Chordata	Craniata	Actinopterygii	Actinopteri	Neopterygii	Teleostei	Otomorpha	Clupei	Clupeiformes	Clupeiformes	Clupeoidei	Engraulidae	Engraulidae	Engraulidae	Engraulidae	Engraulinae	Stolephorus	Stolephorus	Stolephorus	Stolephorus commersonnii	Stolephorus commersonnii	Stolephorus commersonnii	Stolephorus commersonnii	Stolephorus commersonnii	Stolephorus commersonnii	Stolephorus commersonnii	unidentified Stolephorus commersonnii	unidentified Stolephorus commersonnii	unidentified Stolephorus commersonnii	unidentified Stolephorus commersonnii	unidentified Stolephorus commersonnii	unidentified Stolephorus commersonnii
otu_061	Eukaryota	Metazoa	Chordata	Chordata	Chordata	Craniata	Actinopterygii	Actinopteri	Neopterygii	Teleostei	Euteleosteomorpha	Tetraodontiformes	Tetraodontiformes	Tetraodontiformes	Tetraodontoidei	Tetradontoidea	Tetradontoidea	Tetradontoidea	Tetraodontidae	Lagocephalus	Lagocephalus	Lagocephalus	Lagocephalus	Lagocephalus laevigatus	Lagocephalus laevigatus	Lagocephalus laevigatus	Lagocephalus laevigatus	Lagocephalus laevigatus	Lagocephalus laevigatus	Lagocephalus laevigatus	unidentified Lagocephalus laevigatus	unidentified Lagocephalus laevigatus	unidentified Lagocephalus laevigatus	unidentified Lagocephalus laevigatus	unidentified Lagocephalus laevigatus	unidentified Lagocephalus laevigatus
otu_062	Eukaryota	Metazoa	Chordata	Chordata	Chordata	Craniata	Actinopterygii	Actinopteri	Neopterygii	Teleostei	Otomorpha	Ostariophysi	Cypriniphysae	Cypriniformes	Cyprinoidei	Acheilognathidae	Acheilognathidae	Acheilognathidae	Acheilognathidae	unidentified Acheilognathidae	unidentified Acheilognathidae	unidentified Acheilognathidae	unidentified Acheilognathidae	unidentified Acheilognathidae	unidentified Acheilognathidae	unidentified Acheilognathidae	unidentified Acheilognathidae	unidentified Acheilognathidae	unidentified Acheilognathidae	unidentified Acheilognathidae	unidentified Acheilognathidae	unidentified Acheilognathidae	unidentified Acheilognathidae	unidentified Acheilognathidae	unidentified Acheilognathidae	unidentified Acheilognathidae
otu_063	Eukaryota	Metazoa	Chordata	Chordata	Chordata	Craniata	Actinopterygii	Actinopteri	Neopterygii	Teleostei	Euteleosteomorpha	Tetraodontiformes	Tetraodontiformes	Tetraodontiformes	Triacanthodoidei	Triacanthodoidei	Triacanthodoidei	Triacanthodoidei	Triacanthodidae	Macrorhamphosodes	Macrorhamphosodes	Macrorhamphosodes	Macrorhamphosodes	Macrorhamphosodes uradoi	Macrorhamphosodes uradoi	Macrorhamphosodes uradoi	Macrorhamphosodes uradoi	Macrorhamphosodes uradoi	Macrorhamphosodes uradoi	Macrorhamphosodes uradoi	unidentified Macrorhamphosodes uradoi	unidentified Macrorhamphosodes uradoi	unidentified Macrorhamphosodes uradoi	unidentified Macrorhamphosodes uradoi	unidentified Macrorhamphosodes uradoi	unidentified Macrorhamphosodes uradoi
otu_064	Eukaryota	Metazoa	Chordata	Chordata	Chordata	Craniata	Actinopterygii	Actinopteri	Neopterygii	Teleostei	Euteleosteomorpha	Gobiiformes	Gobiiformes	Gobiiformes	Gobioidei	Gobiidae	Gobiidae	Gobiidae	Gobiidae	Gobionellinae	Schismatogobius	Schismatogobius	Schismatogobius	Schismatogobius ampluvinculus	Schismatogobius ampluvinculus	Schismatogobius ampluvinculus	Schismatogobius ampluvinculus	Schismatogobius ampluvinculus	Schismatogobius ampluvinculus	Schismatogobius ampluvinculus	unidentified Schismatogobius ampluvinculus	unidentified Schismatogobius ampluvinculus	unidentified Schismatogobius ampluvinculus	unidentified Schismatogobius ampluvinculus	unidentified Schismatogobius ampluvinculus	unidentified Schismatogobius ampluvinculus
otu_065	Eukaryota	Metazoa	Chordata	Chordata	Chordata	Craniata	Actinopterygii	Actinopteri	Neopterygii	Teleostei	Euteleosteomorpha	Tetraodontiformes	Tetraodontiformes	Tetraodontiformes	Tetraodontoidei	Tetradontoidea	Tetradontoidea	Tetradontoidea	Tetraodontidae	Canthigaster	Canthigaster	Canthigaster	Canthigaster	unidentified Canthigaster	unidentified Canthigaster	unidentified Canthigaster	unidentified Canthigaster	unidentified Canthigaster	unidentified Canthigaster	unidentified Canthigaster	unidentified Canthigaster	unidentified Canthigaster	unidentified Canthigaster	unidentified Canthigaster	unidentified Canthigaster	unidentified Canthigaster
otu_066	Eukaryota	Metazoa	Chordata	Chordata	Chordata	Craniata	Actinopterygii	Actinopteri	Neopterygii	Teleostei	Otomorpha	Clupei	Clupeiformes	Clupeiformes	Clupeoidei	Engraulidae	Engraulidae	Engraulidae	Engraulidae	Engraulinae	unidentified Engraulinae	unidentified Engraulinae	unidentified Engraulinae	unidentified Engraulinae	unidentified Engraulinae	unidentified Engraulinae	unidentified Engraulinae	unidentified Engraulinae	unidentified Engraulinae	unidentified Engraulinae	unidentified Engraulinae	unidentified Engraulinae	unidentified Engraulinae	unidentified Engraulinae	unidentified Engraulinae	unidentified Engraulinae
otu_067	Eukaryota	Metazoa	Chordata	Chordata	Chordata	Craniata	Actinopterygii	Actinopteri	Neopterygii	Teleostei	Euteleosteomorpha	Synbranchiformes	Synbranchiformes	Synbranchiformes	Synbranchoidei	Synbranchidae	Synbranchidae	Synbranchidae	Synbranchidae	Monopterus	Monopterus	Monopterus	Monopterus	Monopterus albus	Monopterus albus	Monopterus albus	Monopterus albus	Monopterus albus	Monopterus albus	Monopterus albus	unidentified Monopterus albus	unidentified Monopterus albus	unidentified Monopterus albus	unidentified Monopterus albus	unidentified Monopterus albus	unidentified Monopterus albus
otu_068	Eukaryota	Metazoa	Chordata	Chordata	Chordata	Craniata	Actinopterygii	Actinopteri	Neopterygii	Teleostei	Otomorpha	Ostariophysi	Characiphysae	Siluriformes	Siluroidei	Pimelodidae	Pimelodidae	Pimelodidae	Pimelodidae	Pimelodus	Pimelodus	Pimelodus	Pimelodus	Pimelodus pictus	Pimelodus pictus	Pimelodus pictus	Pimelodus pictus	Pimelodus pictus	Pimelodus pictus	Pimelodus pictus	unidentified Pimelodus pictus	unidentified Pimelodus pictus	unidentified Pimelodus pictus	unidentified Pimelodus pictus	unidentified Pimelodus pictus	unidentified Pimelodus pictus
otu_069	Eukaryota	Metazoa	Chordata	Chordata	Chordata	Craniata	Actinopterygii	Actinopteri	Neopterygii	Teleostei	Euteleosteomorpha	Tetraodontiformes	Tetraodontiformes	Tetraodontiformes	Tetraodontoidei	Diodontidae	Diodontidae	Diodontidae	Diodontidae	Chilomycterus	Chilomycterus	Chilomycterus	Chilomycterus	Chilomycterus reticulatus	Chilomycterus reticulatus	Chilomycterus reticulatus	Chilomycterus reticulatus	Chilomycterus reticulatus	Chilomycterus reticulatus	Chilomycterus reticulatus	unidentified Chilomycterus reticulatus	unidentified Chilomycterus reticulatus	unidentified Chilomycterus reticulatus	unidentified Chilomycterus reticulatus	unidentified Chilomycterus reticulatus	unidentified Chilomycterus reticulatus
otu_070	Eukaryota	Metazoa	Chordata	Chordata	Chordata	Craniata	Actinopterygii	Actinopteri	Neopterygii	Teleostei	Euteleosteomorpha	Polynemidae	Polynemidae	Polynemidae	Polynemidae	Polynemidae	Polynemidae	Polynemidae	Polynemidae	Polydactylus	Polydactylus	Polydactylus	Polydactylus	Polydactylus sextarius	Polydactylus sextarius	Polydactylus sextarius	Polydactylus sextarius	Polydactylus sextarius	Polydactylus sextarius	Polydactylus sextarius	unidentified Polydactylus sextarius	unidentified Polydactylus sextarius	unidentified Polydactylus sextarius	unidentified Polydactylus sextarius	unidentified Polydactylus sextarius	unidentified Polydactylus sextarius
otu_071	Eukaryota	Metazoa	Chordata	Chordata	Chordata	Craniata	Actinopterygii	Actinopteri	Neopterygii	Teleostei	Euteleosteomorpha	Gobiiformes	Gobiiformes	Gobiiformes	Trichonotoidei	Trichonotidae	Trichonotidae	Trichonotidae	Trichonotidae	Trichonotus	Trichonotus	Trichonotus	Trichonotus	Trichonotus elegans	Trichonotus elegans	Trichonotus elegans	Trichonotus elegans	Trichonotus elegans	Trichonotus elegans	Trichonotus elegans	unidentified Trichonotus elegans	unidentified Trichonotus elegans	unidentified Trichonotus elegans	unidentified Trichonotus elegans	unidentified Trichonotus elegans	unidentified Trichonotus elegans
otu_072	Eukaryota	Metazoa	Chordata	Chordata	Chordata	Craniata	Actinopterygii	Actinopteri	Neopterygii	Teleostei	Euteleosteomorpha	Gobiiformes	Gobiiformes	Gobiiformes	Eleotroidei	Eleotridae	Eleotridae	Eleotridae	Eleotridae	Eleotrinae	Eleotris	Eleotris	Eleotris	unidentified Eleotris	unidentified Eleotris	unidentified Eleotris	unidentified Eleotris	unidentified Eleotris	unidentified Eleotris	unidentified Eleotris	unidentified Eleotris	unidentified Eleotris	unidentified Eleotris	unidentified Eleotris	unidentified Eleotris	unidentified Eleotris
otu_073	Eukaryota	Metazoa	Chordata	Chordata	Chordata	Craniata	Actinopterygii	Actinopteri	Neopterygii	Teleostei	Otomorpha	Ostariophysi	Cypriniphysae	Cypriniformes	Cyprinoidei	Danionidae	Danionidae	Danionidae	Danionidae	Danioninae	Microdevario	Microdevario	Microdevario	unidentified Microdevario	unidentified Microdevario	unidentified Microdevario	unidentified Microdevario	unidentified Microdevario	unidentified Microdevario	unidentified Microdevario	unidentified Microdevario	unidentified Microdevario	unidentified Microdevario	unidentified Microdevario	unidentified Microdevario	unidentified Microdevario
otu_074	Eukaryota	Metazoa	Chordata	Chordata	Chordata	Craniata	Actinopterygii	Actinopteri	Neopterygii	Teleostei	Euteleosteomorpha	Acropomatiformes	Acropomatiformes	Acropomatiformes	Bathyclupeidae	Bathyclupeidae	Bathyclupeidae	Bathyclupeidae	Bathyclupeidae	Bathyclupea	Bathyclupea	Bathyclupea	Bathyclupea	unidentified Bathyclupea	unidentified Bathyclupea	unidentified Bathyclupea	unidentified Bathyclupea	unidentified Bathyclupea	unidentified Bathyclupea	unidentified Bathyclupea	unidentified Bathyclupea	unidentified Bathyclupea	unidentified Bathyclupea	unidentified Bathyclupea	unidentified Bathyclupea	unidentified Bathyclupea
otu_075	Eukaryota	Metazoa	Chordata	Chordata	Chordata	Craniata	Actinopterygii	Actinopteri	Neopterygii	Teleostei	Euteleosteomorpha	Carangiformes	Carangiformes	Carangiformes	Carangidae	Carangidae	Carangidae	Carangidae	Carangidae	Seriola	Seriola	Seriola	Seriola	Seriola quinqueradiata	Seriola quinqueradiata	Seriola quinqueradiata	Seriola quinqueradiata	Seriola quinqueradiata	Seriola quinqueradiata	Seriola quinqueradiata	unidentified Seriola quinqueradiata	unidentified Seriola quinqueradiata	unidentified Seriola quinqueradiata	unidentified Seriola quinqueradiata	unidentified Seriola quinqueradiata	unidentified Seriola quinqueradiata
otu_076	Eukaryota	Metazoa	Chordata	Chordata	Chordata	Craniata	Actinopterygii	Actinopteri	Neopterygii	Teleostei	Euteleosteomorpha	Atherinomorphae	Atherinomorphae	Cyprinodontiformes	Cyprinodontoidei	Cyprinodontidae	Cyprinodontidae	Cyprinodontidae	Cyprinodontidae	Cyprinodontinae	Cyprinodontini	Cyprinodon	Cyprinodon	unidentified Cyprinodon	unidentified Cyprinodon	unidentified Cyprinodon	unidentified Cyprinodon	unidentified Cyprinodon	unidentified Cyprinodon	unidentified Cyprinodon	unidentified Cyprinodon	unidentified Cyprinodon	unidentified Cyprinodon	unidentified Cyprinodon	unidentified Cyprinodon	unidentified Cyprinodon
otu_077	Eukaryota	Metazoa	Chordata	Chordata	Chordata	Craniata	Actinopterygii	Actinopteri	Neopterygii	Teleostei	Otomorpha	Ostariophysi	Cypriniphysae	Cypriniformes	Cyprinoidei	Acheilognathidae	Acheilognathidae	Acheilognathidae	Acheilognathidae	Rhodeus	Rhodeus	Rhodeus	Rhodeus	unidentified Rhodeus	unidentified Rhodeus	unidentified Rhodeus	unidentified Rhodeus	unidentified Rhodeus	unidentified Rhodeus	unidentified Rhodeus	unidentified Rhodeus	unidentified Rhodeus	unidentified Rhodeus	unidentified Rhodeus	unidentified Rhodeus	unidentified Rhodeus
otu_078	Eukaryota	Metazoa	Chordata	Chordata	Chordata	Craniata	Actinopterygii	Actinopteri	Neopterygii	Teleostei	Otomorpha	Ostariophysi	Cypriniphysae	Cypriniformes	Cyprinoidei	Cyprinidae	Cyprinidae	Cyprinidae	Cyprinidae	unidentified Cyprinidae	unidentified Cyprinidae	unidentified Cyprinidae	unidentified Cyprinidae	unidentified Cyprinidae	unidentified Cyprinidae	unidentified Cyprinidae	unidentified Cyprinidae	unidentified Cyprinidae	unidentified Cyprinidae	unidentified Cyprinidae	unidentified Cyprinidae	unidentified Cyprinidae	unidentified Cyprinidae	unidentified Cyprinidae	unidentified Cyprinidae	unidentified Cyprinidae
otu_079	Eukaryota	Metazoa	Chordata	Chordata	Chordata	Craniata	Actinopterygii	Actinopteri	Neopterygii	Teleostei	Euteleosteomorpha	Atherinomorphae	Atherinomorphae	Beloniformes	Adrianichthyoidei	Adrianichthyidae	Adrianichthyidae	Adrianichthyidae	Adrianichthyidae	Oryziinae	Oryzias	Oryzias	Oryzias	Oryzias javanicus	Oryzias javanicus	Oryzias javanicus	Oryzias javanicus	Oryzias javanicus	Oryzias javanicus	Oryzias javanicus	unidentified Oryzias javanicus	unidentified Oryzias javanicus	unidentified Oryzias javanicus	unidentified Oryzias javanicus	unidentified Oryzias javanicus	unidentified Oryzias javanicus
otu_080	Eukaryota	Metazoa	Chordata	Chordata	Chordata	Craniata	Actinopterygii	Actinopteri	Neopterygii	Teleostei	Otomorpha	Ostariophysi	Characiphysae	Characiformes	Characoidei	Bryconidae	Bryconidae	Bryconidae	Bryconidae	Bryconinae	Brycon	Brycon	Brycon	unidentified Brycon	unidentified Brycon	unidentified Brycon	unidentified Brycon	unidentified Brycon	unidentified Brycon	unidentified Brycon	unidentified Brycon	unidentified Brycon	unidentified Brycon	unidentified Brycon	unidentified Brycon	unidentified Brycon
otu_081	Eukaryota	Metazoa	Chordata	Chordata	Chordata	Craniata	Actinopterygii	Actinopteri	Neopterygii	Teleostei	Euteleosteomorpha	Perciformes	Perciformes	Perciformes	Cottioidei	Gasterosteales	Aulorhynchidae	Aulorhynchidae	Aulorhynchidae	Aulorhynchus	Aulorhynchus	Aulorhynchus	Aulorhynchus	Aulorhynchus flavidus	Aulorhynchus flavidus	Aulorhynchus flavidus	Aulorhynchus flavidus	Aulorhynchus flavidus	Aulorhynchus flavidus	Aulorhynchus flavidus	unidentified Aulorhynchus flavidus	unidentified Aulorhynchus flavidus	unidentified Aulorhynchus flavidus	unidentified Aulorhynchus flavidus	unidentified Aulorhynchus flavidus	unidentified Aulorhynchus flavidus
otu_082	Eukaryota	Metazoa	Chordata	Chordata	Chordata	Craniata	Actinopterygii	Actinopteri	Neopterygii	Teleostei	Euteleosteomorpha	Gadiformes	Gadiformes	Gadiformes	Gadoidei	Bregmacerotidae	Bregmacerotidae	Bregmacerotidae	Bregmacerotidae	Bregmaceros	Bregmaceros	Bregmaceros	Bregmaceros	unidentified Bregmaceros	unidentified Bregmaceros	unidentified Bregmaceros	unidentified Bregmaceros	unidentified Bregmaceros	unidentified Bregmaceros	unidentified Bregmaceros	unidentified Bregmaceros	unidentified Bregmaceros	unidentified Bregmaceros	unidentified Bregmaceros	unidentified Bregmaceros	unidentified Bregmaceros
otu_083	Eukaryota	Metazoa	Chordata	Chordata	Chordata	Craniata	Actinopterygii	Actinopteri	Neopterygii	Teleostei	Euteleosteomorpha	Pleuronectiformes	Pleuronectiformes	Pleuronectiformes	Pleuronectoidei	Samaridae	Samaridae	Samaridae	Samaridae	Samariscus	Samariscus	Samariscus	Samariscus	Samariscus latus	Samariscus latus	Samariscus latus	Samariscus latus	Samariscus latus	Samariscus latus	Samariscus latus	unidentified Samariscus latus	unidentified Samariscus latus	unidentified Samariscus latus	unidentified Samariscus latus	unidentified Samariscus latus	unidentified Samariscus latus
otu_084	Eukaryota	Metazoa	Chordata	Chordata	Chordata	Craniata	Actinopterygii	Actinopteri	Neopterygii	Teleostei	Euteleosteomorpha	Blenniiformes	Blenniiformes	Blenniiformes	Gobiesocoidei	Gobiesocidae	Gobiesocidae	Gobiesocidae	Gobiesocidae	Gobiesocinae	Gobiesox	Gobiesox	Gobiesox	unidentified Gobiesox	unidentified Gobiesox	unidentified Gobiesox	unidentified Gobiesox	unidentified Gobiesox	unidentified Gobiesox	unidentified Gobiesox	unidentified Gobiesox	unidentified Gobiesox	unidentified Gobiesox	unidentified Gobiesox	unidentified Gobiesox	unidentified Gobiesox
otu_085	Eukaryota	Metazoa	Chordata	Chordata	Chordata	Craniata	Actinopterygii	Actinopteri	Neopterygii	Teleostei	Anguilliformes	Anguilliformes	Anguilliformes	Anguilliformes	unidentified Anguilliformes	unidentified Anguilliformes	unidentified Anguilliformes	unidentified Anguilliformes	unidentified Anguilliformes	unidentified Anguilliformes	unidentified Anguilliformes	unidentified Anguilliformes	unidentified Anguilliformes	unidentified Anguilliformes	unidentified Anguilliformes	unidentified Anguilliformes	unidentified Anguilliformes	unidentified Anguilliformes	unidentified Anguilliformes	unidentified Anguilliformes	unidentified Anguilliformes	unidentified Anguilliformes	unidentified Anguilliformes	unidentified Anguilliformes	unidentified Anguilliformes	unidentified Anguilliformes
otu_086	Eukaryota	Metazoa	Chordata	Chordata	Chordata	Craniata	Actinopterygii	Actinopteri	Neopterygii	Teleostei	Euteleosteomorpha	Pseudochromidae	Pseudochromidae	Pseudochromidae	Pseudochromidae	Pseudochromidae	Pseudochromidae	Pseudochromidae	Pseudochromidae	Pseudochrominae	Pictichromis	Pictichromis	Pictichromis	unidentified Pictichromis	unidentified Pictichromis	unidentified Pictichromis	unidentified Pictichromis	unidentified Pictichromis	unidentified Pictichromis	unidentified Pictichromis	unidentified Pictichromis	unidentified Pictichromis	unidentified Pictichromis	unidentified Pictichromis	unidentified Pictichromis	unidentified Pictichromis
otu_087	Eukaryota	Metazoa	Chordata	Chordata	Chordata	Craniata	Actinopterygii	Actinopteri	Neopterygii	Teleostei	Euteleosteomorpha	Priacanthiformes	Priacanthiformes	Priacanthiformes	Cepolidae	Cepolidae	Cepolidae	Cepolidae	Cepolidae	Acanthocepola	Acanthocepola	Acanthocepola	Acanthocepola	Acanthocepola krusensternii	Acanthocepola krusensternii	Acanthocepola krusensternii	Acanthocepola krusensternii	Acanthocepola krusensternii	Acanthocepola krusensternii	Acanthocepola krusensternii	unidentified Acanthocepola krusensternii	unidentified Acanthocepola krusensternii	unidentified Acanthocepola krusensternii	unidentified Acanthocepola krusensternii	unidentified Acanthocepola krusensternii	unidentified Acanthocepola krusensternii
otu_088	Eukaryota	Metazoa	Chordata	Chordata	Chordata	Craniata	Actinopterygii	Actinopteri	Neopterygii	Teleostei	Otomorpha	Ostariophysi	Characiphysae	Characiformes	Characoidei	Characidae	Characidae	Characidae	Characidae	unidentified Characidae	unidentified Characidae	unidentified Characidae	unidentified Characidae	unidentified Characidae	unidentified Characidae	unidentified Characidae	unidentified Characidae	unidentified Characidae	unidentified Characidae	unidentified Characidae	unidentified Characidae	unidentified Characidae	unidentified Characidae	unidentified Characidae	unidentified Characidae	unidentified Characidae
otu_089	Eukaryota	Metazoa	Chordata	Chordata	Chordata	Craniata	Actinopterygii	Actinopteri	Neopterygii	Teleostei	Euteleosteomorpha	Pleuronectiformes	Pleuronectiformes	Pleuronectiformes	Pleuronectoidei	Bothidae	Bothidae	Bothidae	Bothidae	Chascanopsetta	Chascanopsetta	Chascanopsetta	Chascanopsetta	Chascanopsetta lugubris	Chascanopsetta lugubris	Chascanopsetta lugubris	Chascanopsetta lugubris	Chascanopsetta lugubris	Chascanopsetta lugubris	Chascanopsetta lugubris	unidentified Chascanopsetta lugubris	unidentified Chascanopsetta lugubris	unidentified Chascanopsetta lugubris	unidentified Chascanopsetta lugubris	unidentified Chascanopsetta lugubris	unidentified Chascanopsetta lugubris
otu_090	Eukaryota	Metazoa	Chordata	Chordata	Chordata	Craniata	Actinopterygii	Actinopteri	Neopterygii	Teleostei	Euteleosteomorpha	Gobiiformes	Gobiiformes	Gobiiformes	Gobioidei	Gobiidae	Gobiidae	Gobiidae	Gobiidae	Amblyopinae	unidentified Amblyopinae	unidentified Amblyopinae	unidentified Amblyopinae	unidentified Amblyopinae	unidentified Amblyopinae	unidentified Amblyopinae	unidentified Amblyopinae	unidentified Amblyopinae	unidentified Amblyopinae	unidentified Amblyopinae	unidentified Amblyopinae	unidentified Amblyopinae	unidentified Amblyopinae	unidentified Amblyopinae	unidentified Amblyopinae	unidentified Amblyopinae
otu_091	Eukaryota	Metazoa	Chordata	Chordata	Chordata	Craniata	Actinopterygii	Actinopteri	Neopterygii	Teleostei	Euteleosteomorpha	Pleuronectiformes	Pleuronectiformes	Pleuronectiformes	Pleuronectoidei	Soleidae	Soleidae	Soleidae	Soleidae	Zebrias	Zebrias	Zebrias	Zebrias	unidentified Zebrias	unidentified Zebrias	unidentified Zebrias	unidentified Zebrias	unidentified Zebrias	unidentified Zebrias	unidentified Zebrias	unidentified Zebrias	unidentified Zebrias	unidentified Zebrias	unidentified Zebrias	unidentified Zebrias	unidentified Zebrias
otu_092	Eukaryota	Metazoa	Chordata	Chordata	Chordata	Craniata	Actinopterygii	Actinopteri	Neopterygii	Teleostei	Otomorpha	Ostariophysi	Characiphysae	Characiformes	Characoidei	Anostomidae	Anostomidae	Anostomidae	Anostomidae	Megaleporinus	Megaleporinus	Megaleporinus	Megaleporinus	unidentified Megaleporinus	unidentified Megaleporinus	unidentified Megaleporinus	unidentified Megaleporinus	unidentified Megaleporinus	unidentified Megaleporinus	unidentified Megaleporinus	unidentified Megaleporinus	unidentified Megaleporinus	unidentified Megaleporinus	unidentified Megaleporinus	unidentified Megaleporinus	unidentified Megaleporinus
otu_093	Eukaryota	Metazoa	Chordata	Chordata	Chordata	Craniata	Actinopterygii	Actinopteri	Neopterygii	Teleostei	Euteleosteomorpha	Ephippiformes	Ephippiformes	Ephippiformes	Ephippidae	Ephippidae	Ephippidae	Ephippidae	Ephippidae	Platax	Platax	Platax	Platax	unidentified Platax	unidentified Platax	unidentified Platax	unidentified Platax	unidentified Platax	unidentified Platax	unidentified Platax	unidentified Platax	unidentified Platax	unidentified Platax	unidentified Platax	unidentified Platax	unidentified Platax
otu_094	Eukaryota	Metazoa	Chordata	Chordata	Chordata	Craniata	Actinopterygii	Actinopteri	Neopterygii	Teleostei	Euteleosteomorpha	Mugiliformes	Mugiliformes	Mugiliformes	Mugilidae	Mugilidae	Mugilidae	Mugilidae	Mugilidae	Mugil	Mugil	Mugil	Mugil	Mugil cephalus	Mugil cephalus	Mugil cephalus	Mugil cephalus	Mugil cephalus	Mugil cephalus	Mugil cephalus	unidentified Mugil cephalus	unidentified Mugil cephalus	unidentified Mugil cephalus	unidentified Mugil cephalus	unidentified Mugil cephalus	unidentified Mugil cephalus
otu_095	Eukaryota	Metazoa	Chordata	Chordata	Chordata	Craniata	Actinopterygii	Actinopteri	Neopterygii	Teleostei	Euteleosteomorpha	Pleuronectiformes	Pleuronectiformes	Pleuronectiformes	Pleuronectoidei	Paralichthyidae	Paralichthyidae	Paralichthyidae	Paralichthyidae	Pseudorhombus	Pseudorhombus	Pseudorhombus	Pseudorhombus	Pseudorhombus dupliciocellatus	Pseudorhombus dupliciocellatus	Pseudorhombus dupliciocellatus	Pseudorhombus dupliciocellatus	Pseudorhombus dupliciocellatus	Pseudorhombus dupliciocellatus	Pseudorhombus dupliciocellatus	unidentified Pseudorhombus dupliciocellatus	unidentified Pseudorhombus dupliciocellatus	unidentified Pseudorhombus dupliciocellatus	unidentified Pseudorhombus dupliciocellatus	unidentified Pseudorhombus dupliciocellatus	unidentified Pseudorhombus dupliciocellatus
otu_096	Eukaryota	Metazoa	Chordata	Chordata	Chordata	Craniata	Actinopterygii	Actinopteri	Neopterygii	Teleostei	Euteleosteomorpha	Pomacanthidae	Pomacanthidae	Pomacanthidae	Pomacanthidae	Pomacanthidae	Pomacanthidae	Pomacanthidae	Pomacanthidae	Genicanthus	Genicanthus	Genicanthus	Genicanthus	unidentified Genicanthus	unidentified Genicanthus	unidentified Genicanthus	unidentified Genicanthus	unidentified Genicanthus	unidentified Genicanthus	unidentified Genicanthus	unidentified Genicanthus	unidentified Genicanthus	unidentified Genicanthus	unidentified Genicanthus	unidentified Genicanthus	unidentified Genicanthus
otu_097	Eukaryota	Metazoa	Chordata	Chordata	Chordata	Craniata	Actinopterygii	Actinopteri	Neopterygii	Teleostei	Euteleosteomorpha	Perciformes	Perciformes	Perciformes	Notothenioidei	Bathydraconidae	Bathydraconidae	Bathydraconidae	Bathydraconidae	Parachaenichthys	Parachaenichthys	Parachaenichthys	Parachaenichthys	Parachaenichthys charcoti	Parachaenichthys charcoti	Parachaenichthys charcoti	Parachaenichthys charcoti	Parachaenichthys charcoti	Parachaenichthys charcoti	Parachaenichthys charcoti	unidentified Parachaenichthys charcoti	unidentified Parachaenichthys charcoti	unidentified Parachaenichthys charcoti	unidentified Parachaenichthys charcoti	unidentified Parachaenichthys charcoti	unidentified Parachaenichthys charcoti
otu_098	Eukaryota	Metazoa	Chordata	Chordata	Chordata	Craniata	Actinopterygii	Actinopteri	Neopterygii	Teleostei	Otomorpha	Ostariophysi	Cypriniphysae	Cypriniformes	Cobitoidei	Nemacheilidae	Nemacheilidae	Nemacheilidae	Nemacheilidae	unidentified Nemacheilidae	unidentified Nemacheilidae	unidentified Nemacheilidae	unidentified Nemacheilidae	unidentified Nemacheilidae	unidentified Nemacheilidae	unidentified Nemacheilidae	unidentified Nemacheilidae	unidentified Nemacheilidae	unidentified Nemacheilidae	unidentified Nemacheilidae	unidentified Nemacheilidae	unidentified Nemacheilidae	unidentified Nemacheilidae	unidentified Nemacheilidae	unidentified Nemacheilidae	unidentified Nemacheilidae
otu_099	Eukaryota	Metazoa	Chordata	Chordata	Chordata	Craniata	Actinopterygii	Actinopteri	Neopterygii	Teleostei	Euteleosteomorpha	Atherinomorphae	Atherinomorphae	Cyprinodontiformes	Aplocheiloidei	Nothobranchiidae	Nothobranchiidae	Nothobranchiidae	Nothobranchiidae	unidentified Nothobranchiidae	unidentified Nothobranchiidae	unidentified Nothobranchiidae	unidentified Nothobranchiidae	unidentified Nothobranchiidae	unidentified Nothobranchiidae	unidentified Nothobranchiidae	unidentified Nothobranchiidae	unidentified Nothobranchiidae	unidentified Nothobranchiidae	unidentified Nothobranchiidae	unidentified Nothobranchiidae	unidentified Nothobranchiidae	unidentified Nothobranchiidae	unidentified Nothobranchiidae	unidentified Nothobranchiidae	unidentified Nothobranchiidae
otu_100	Eukaryota	Metazoa	Chordata	Chordata	Chordata	Craniata	Actinopterygii	Actinopteri	Neopterygii	Teleostei	Euteleosteomorpha	Tetraodontiformes	Tetraodontiformes	Tetraodontiformes	Balistoidea	Balistoidea	Balistoidea	Balistoidea	Monacanthidae	Pervagor	Pervagor	Pervagor	Pervagor	Pervagor janthinosoma	Pervagor janthinosoma	Pervagor janthinosoma	Pervagor janthinosoma	Pervagor janthinosoma	Pervagor janthinosoma	Pervagor janthinosoma	unidentified Pervagor janthinosoma	unidentified Pervagor janthinosoma	unidentified Pervagor janthinosoma	unidentified Pervagor janthinosoma	unidentified Pervagor janthinosoma	unidentified Pervagor janthinosoma
otu_101	Eukaryota	Metazoa	Chordata	Chordata	Chordata	Craniata	Actinopterygii	Actinopteri	Neopterygii	Teleostei	Otomorpha	Ostariophysi	Characiphysae	Gymnotiformes	Sternopygoidei	Hypopomidae	Hypopomidae	Hypopomidae	Hypopomidae	Brachyhypopomus	Brachyhypopomus	Brachyhypopomus	Brachyhypopomus	Brachyhypopomus occidentalis	Brachyhypopomus occidentalis	Brachyhypopomus occidentalis	Brachyhypopomus occidentalis	Brachyhypopomus occidentalis	Brachyhypopomus occidentalis	Brachyhypopomus occidentalis	unidentified Brachyhypopomus occidentalis	unidentified Brachyhypopomus occidentalis	unidentified Brachyhypopomus occidentalis	unidentified Brachyhypopomus occidentalis	unidentified Brachyhypopomus occidentalis	unidentified Brachyhypopomus occidentalis
otu_102	Eukaryota	Metazoa	Chordata	Chordata	Chordata	Craniata	Actinopterygii	Actinopteri	Neopterygii	Teleostei	Euteleosteomorpha	Acropomatiformes	Acropomatiformes	Acropomatiformes	Pempheridae	Pempheridae	Pempheridae	Pempheridae	Pempheridae	Pempheris	Pempheris	Pempheris	Pempheris	Pempheris schwenkii	Pempheris schwenkii	Pempheris schwenkii	Pempheris schwenkii	Pempheris schwenkii	Pempheris schwenkii	Pempheris schwenkii	unidentified Pempheris schwenkii	unidentified Pempheris schwenkii	unidentified Pempheris schwenkii	unidentified Pempheris schwenkii	unidentified Pempheris schwenkii	unidentified Pempheris schwenkii
otu_103	Eukaryota	Metazoa	Chordata	Chordata	Chordata	Craniata	Actinopterygii	Actinopteri	Neopterygii	Teleostei	Euteleosteomorpha	Perciformes	Perciformes	Perciformes	Scorpaenoidei	Sebastidae	Sebastidae	Sebastidae	Sebastidae	Sebastinae	Helicolenus	Helicolenus	Helicolenus	unidentified Helicolenus	unidentified Helicolenus	unidentified Helicolenus	unidentified Helicolenus	unidentified Helicolenus	unidentified Helicolenus	unidentified Helicolenus	unidentified Helicolenus	unidentified Helicolenus	unidentified Helicolenus	unidentified Helicolenus	unidentified Helicolenus	unidentified Helicolenus
otu_104	Eukaryota	Metazoa	Chordata	Chordata	Chordata	Craniata	Actinopterygii	Actinopteri	Neopterygii	Teleostei	Euteleosteomorpha	Embiotocidae	Embiotocidae	Embiotocidae	Embiotocidae	Embiotocidae	Embiotocidae	Embiotocidae	Embiotocidae	Embiotoca	Embiotoca	Embiotoca	Embiotoca	Embiotoca jacksoni	Embiotoca jacksoni	Embiotoca jacksoni	Embiotoca jacksoni	Embiotoca jacksoni	Embiotoca jacksoni	Embiotoca jacksoni	unidentified Embiotoca jacksoni	unidentified Embiotoca jacksoni	unidentified Embiotoca jacksoni	unidentified Embiotoca jacksoni	unidentified Embiotoca jacksoni	unidentified Embiotoca jacksoni
otu_105	Eukaryota	Metazoa	Chordata	Chordata	Chordata	Craniata	Actinopterygii	Actinopteri	Neopterygii	Teleostei	Euteleosteomorpha	Acropomatiformes	Acropomatiformes	Acropomatiformes	Lateolabracidae	Lateolabracidae	Lateolabracidae	Lateolabracidae	Lateolabracidae	Lateolabrax	Lateolabrax	Lateolabrax	Lateolabrax	Lateolabrax latus	Lateolabrax latus	Lateolabrax latus	Lateolabrax latus	Lateolabrax latus	Lateolabrax latus	Lateolabrax latus	unidentified Lateolabrax latus	unidentified Lateolabrax latus	unidentified Lateolabrax latus	unidentified Lateolabrax latus	unidentified Lateolabrax latus	unidentified Lateolabrax latus
otu_106	Eukaryota	Metazoa	Chordata	Chordata	Chordata	Craniata	Actinopterygii	Actinopteri	Neopterygii	Teleostei	Euteleosteomorpha	Esociformes	Esociformes	Esociformes	Umbridae	Umbridae	Umbridae	Umbridae	Umbridae	Umbra	Umbra	Umbra	Umbra	unidentified Umbra	unidentified Umbra	unidentified Umbra	unidentified Umbra	unidentified Umbra	unidentified Umbra	unidentified Umbra	unidentified Umbra	unidentified Umbra	unidentified Umbra	unidentified Umbra	unidentified Umbra	unidentified Umbra
otu_107	Eukaryota	Metazoa	Chordata	Chordata	Chordata	Craniata	Actinopterygii	Actinopteri	Neopterygii	Teleostei	Euteleosteomorpha	Acropomatiformes	Acropomatiformes	Acropomatiformes	Acropomatidae	Acropomatidae	Acropomatidae	Acropomatidae	Acropomatidae	Doederleinia	Doederleinia	Doederleinia	Doederleinia	Doederleinia berycoides	Doederleinia berycoides	Doederleinia berycoides	Doederleinia berycoides	Doederleinia berycoides	Doederleinia berycoides	Doederleinia berycoides	unidentified Doederleinia berycoides	unidentified Doederleinia berycoides	unidentified Doederleinia berycoides	unidentified Doederleinia berycoides	unidentified Doederleinia berycoides	unidentified Doederleinia berycoides
otu_108	Eukaryota	Metazoa	Chordata	Chordata	Chordata	Craniata	Actinopterygii	Actinopteri	Neopterygii	Teleostei	Osteoglossiformes	Osteoglossiformes	Osteoglossiformes	Osteoglossiformes	unidentified Osteoglossiformes	unidentified Osteoglossiformes	unidentified Osteoglossiformes	unidentified Osteoglossiformes	unidentified Osteoglossiformes	unidentified Osteoglossiformes	unidentified Osteoglossiformes	unidentified Osteoglossiformes	unidentified Osteoglossiformes	unidentified Osteoglossiformes	unidentified Osteoglossiformes	unidentified Osteoglossiformes	unidentified Osteoglossiformes	unidentified Osteoglossiformes	unidentified Osteoglossiformes	unidentified Osteoglossiformes	unidentified Osteoglossiformes	unidentified Osteoglossiformes	unidentified Osteoglossiformes	unidentified Osteoglossiformes	unidentified Osteoglossiformes	unidentified Osteoglossiformes
otu_109	Eukaryota	Metazoa	Chordata	Chordata	Chordata	Craniata	Actinopterygii	Actinopteri	Neopterygii	Teleostei	Euteleosteomorpha	Centrarchiformes	Centrarchiformes	Centrarchiformes	Centrarchoidei	Centrarchoidei	Centrarchoidei	Centrarchoidei	Elassomatidae	Elassoma	Elassoma	Elassoma	Elassoma	Elassoma zonatum	Elassoma zonatum	Elassoma zonatum	Elassoma zonatum	Elassoma zonatum	Elassoma zonatum	Elassoma zonatum	unidentified Elassoma zonatum	unidentified Elassoma zonatum	unidentified Elassoma zonatum	unidentified Elassoma zonatum	unidentified Elassoma zonatum	unidentified Elassoma zonatum
otu_110	Eukaryota	Metazoa	Chordata	Chordata	Chordata	Craniata	Actinopterygii	Actinopteri	Neopterygii	Teleostei	Euteleosteomorpha	Pleuronectiformes	Pleuronectiformes	Pleuronectiformes	Pleuronectoidei	Cynoglossidae	Cynoglossidae	Cynoglossidae	Cynoglossidae	Cynoglossinae	Cynoglossus	Cynoglossus	Cynoglossus	Cynoglossus abbreviatus	Cynoglossus abbreviatus	Cynoglossus abbreviatus	Cynoglossus abbreviatus	Cynoglossus abbreviatus	Cynoglossus abbreviatus	Cynoglossus abbreviatus	unidentified Cynoglossus abbreviatus	unidentified Cynoglossus abbreviatus	unidentified Cynoglossus abbreviatus	unidentified Cynoglossus abbreviatus	unidentified Cynoglossus abbreviatus	unidentified Cynoglossus abbreviatus
otu_111	Eukaryota	Metazoa	Chordata	Chordata	Chordata	Craniata	Actinopterygii	Actinopteri	Neopterygii	Teleostei	Euteleosteomorpha	Centropomidae	Centropomidae	Centropomidae	Centropomidae	Centropomidae	Centropomidae	Centropomidae	Centropomidae	Psammoperca	Psammoperca	Psammoperca	Psammoperca	Psammoperca waigiensis	Psammoperca waigiensis	Psammoperca waigiensis	Psammoperca waigiensis	Psammoperca waigiensis	Psammoperca waigiensis	Psammoperca waigiensis	unidentified Psammoperca waigiensis	unidentified Psammoperca waigiensis	unidentified Psammoperca waigiensis	unidentified Psammoperca waigiensis	unidentified Psammoperca waigiensis	unidentified Psammoperca waigiensis
otu_112	Eukaryota	Metazoa	Chordata	Chordata	Chordata	Craniata	Actinopterygii	Actinopteri	Neopterygii	Teleostei	Euteleosteomorpha	Blenniiformes	Blenniiformes	Blenniiformes	Blennioidei	Blenniidae	Blenniidae	Blenniidae	Blenniidae	Salariinae	Ecsenius	Ecsenius	Ecsenius	unidentified Ecsenius	unidentified Ecsenius	unidentified Ecsenius	unidentified Ecsenius	unidentified Ecsenius	unidentified Ecsenius	unidentified Ecsenius	unidentified Ecsenius	unidentified Ecsenius	unidentified Ecsenius	unidentified Ecsenius	unidentified Ecsenius	unidentified Ecsenius
otu_113	Eukaryota	Metazoa	Chordata	Chordata	Chordata	Craniata	Actinopterygii	Actinopteri	Neopterygii	Teleostei	Euteleosteomorpha	Spariformes	Spariformes	Spariformes	Lethrinidae	Lethrinidae	Lethrinidae	Lethrinidae	Lethrinidae	Lethrininae	Lethrinus	Lethrinus	Lethrinus	unidentified Lethrinus	unidentified Lethrinus	unidentified Lethrinus	unidentified Lethrinus	unidentified Lethrinus	unidentified Lethrinus	unidentified Lethrinus	unidentified Lethrinus	unidentified Lethrinus	unidentified Lethrinus	unidentified Lethrinus	unidentified Lethrinus	unidentified Lethrinus
otu_114	Eukaryota	Metazoa	Chordata	Chordata	Chordata	Craniata	Actinopterygii	Actinopteri	Neopterygii	Teleostei	Otomorpha	Ostariophysi	Characiphysae	Siluriformes	Siluroidei	unidentified Siluroidei	unidentified Siluroidei	unidentified Siluroidei	unidentified Siluroidei	unidentified Siluroidei	unidentified Siluroidei	unidentified Siluroidei	unidentified Siluroidei	unidentified Siluroidei	unidentified Siluroidei	unidentified Siluroidei	unidentified Siluroidei	unidentified Siluroidei	unidentified Siluroidei	unidentified Siluroidei	unidentified Siluroidei	unidentified Siluroidei	unidentified Siluroidei	unidentified Siluroidei	unidentified Siluroidei	unidentified Siluroidei
otu_115	Eukaryota	Metazoa	Chordata	Chordata	Chordata	Craniata	Actinopterygii	Actinopteri	Neopterygii	Teleostei	Otomorpha	Clupei	Clupeiformes	Clupeiformes	Clupeoidei	Clupeidae	Clupeidae	Clupeidae	Clupeidae	Clupeinae	Escualosa	Escualosa	Escualosa	Escualosa thoracata	Escualosa thoracata	Escualosa thoracata	Escualosa thoracata	Escualosa thoracata	Escualosa thoracata	Escualosa thoracata	unidentified Escualosa thoracata	unidentified Escualosa thoracata	unidentified Escualosa thoracata	unidentified Escualosa thoracata	unidentified Escualosa thoracata	unidentified Escualosa thoracata
otu_116	Eukaryota	Metazoa	Chordata	Chordata	Chordata	Craniata	Actinopterygii	Actinopteri	Neopterygii	Teleostei	Euteleosteomorpha	Lophiiformes	Lophiiformes	Lophiiformes	Ceratioidei	Gigantactinidae	Gigantactinidae	Gigantactinidae	Gigantactinidae	Gigantactis	Gigantactis	Gigantactis	Gigantactis	unidentified Gigantactis	unidentified Gigantactis	unidentified Gigantactis	unidentified Gigantactis	unidentified Gigantactis	unidentified Gigantactis	unidentified Gigantactis	unidentified Gigantactis	unidentified Gigantactis	unidentified Gigantactis	unidentified Gigantactis	unidentified Gigantactis	unidentified Gigantactis
otu_117	Eukaryota	Metazoa	Chordata	Chordata	Chordata	Craniata	Actinopterygii	Actinopteri	Neopterygii	Teleostei	Euteleosteomorpha	Acanthuriformes	Acanthuriformes	Acanthuriformes	Zanclidae	Zanclidae	Zanclidae	Zanclidae	Zanclidae	Zanclus	Zanclus	Zanclus	Zanclus	Zanclus cornutus	Zanclus cornutus	Zanclus cornutus	Zanclus cornutus	Zanclus cornutus	Zanclus cornutus	Zanclus cornutus	unidentified Zanclus cornutus	unidentified Zanclus cornutus	unidentified Zanclus cornutus	unidentified Zanclus cornutus	unidentified Zanclus cornutus	unidentified Zanclus cornutus
otu_118	Eukaryota	Metazoa	Chordata	Chordata	Chordata	Craniata	Actinopterygii	Actinopteri	Neopterygii	Teleostei	Otomorpha	Ostariophysi	Gonorynchiformes	Gonorynchiformes	Chanoidei	Chanidae	Chanidae	Chanidae	Chanidae	Chanos	Chanos	Chanos	Chanos	Chanos chanos	Chanos chanos	Chanos chanos	Chanos chanos	Chanos chanos	Chanos chanos	Chanos chanos	unidentified Chanos chanos	unidentified Chanos chanos	unidentified Chanos chanos	unidentified Chanos chanos	unidentified Chanos chanos	unidentified Chanos chanos
otu_119	Eukaryota	Metazoa	Chordata	Chordata	Chordata	Craniata	Actinopterygii	Actinopteri	Neopterygii	Teleostei	Euteleosteomorpha	Gobiiformes	Gobiiformes	Gobiiformes	Gobioidei	Gobiidae	Gobiidae	Gobiidae	Gobiidae	Gobiinae	unidentified Gobiinae	unidentified Gobiinae	unidentified Gobiinae	unidentified Gobiinae	unidentified Gobiinae	unidentified Gobiinae	unidentified Gobiinae	unidentified Gobiinae	unidentified Gobiinae	unidentified Gobiinae	unidentified Gobiinae	unidentified Gobiinae	unidentified Gobiinae	unidentified Gobiinae	unidentified Gobiinae	unidentified Gobiinae
otu_120	Eukaryota	Metazoa	Chordata	Chordata	Chordata	Craniata	Actinopterygii	Actinopteri	Neopterygii	Teleostei	Euteleosteomorpha	Priacanthiformes	Priacanthiformes	Priacanthiformes	Priacanthidae	Priacanthidae	Priacanthidae	Priacanthidae	Priacanthidae	Priacanthus	Priacanthus	Priacanthus	Priacanthus	unidentified Priacanthus	unidentified Priacanthus	unidentified Priacanthus	unidentified Priacanthus	unidentified Priacanthus	unidentified Priacanthus	unidentified Priacanthus	unidentified Priacanthus	unidentified Priacanthus	unidentified Priacanthus	unidentified Priacanthus	unidentified Priacanthus	unidentified Priacanthus
otu_121	Eukaryota	Metazoa	Chordata	Chordata	Chordata	Craniata	Actinopterygii	Actinopteri	Neopterygii	Teleostei	Euteleosteomorpha	Zeiformes	Zeiformes	Zeiformes	Zeidae	Zeidae	Zeidae	Zeidae	Zeidae	Zeus	Zeus	Zeus	Zeus	Zeus faber	Zeus faber	Zeus faber	Zeus faber	Zeus faber	Zeus faber	Zeus faber	unidentified Zeus faber	unidentified Zeus faber	unidentified Zeus faber	unidentified Zeus faber	unidentified Zeus faber	unidentified Zeus faber
otu_122	Eukaryota	Metazoa	Chordata	Chordata	Chordata	Craniata	Actinopterygii	Actinopteri	Neopterygii	Teleostei	Otomorpha	Ostariophysi	Cypriniphysae	Cypriniformes	Cyprinoidei	Psilorhynchidae	Psilorhynchidae	Psilorhynchidae	Psilorhynchidae	Psilorhynchus	Psilorhynchus	Psilorhynchus	Psilorhynchus	unidentified Psilorhynchus	unidentified Psilorhynchus	unidentified Psilorhynchus	unidentified Psilorhynchus	unidentified Psilorhynchus	unidentified Psilorhynchus	unidentified Psilorhynchus	unidentified Psilorhynchus	unidentified Psilorhynchus	unidentified Psilorhynchus	unidentified Psilorhynchus	unidentified Psilorhynchus	unidentified Psilorhynchus
otu_123	Eukaryota	Metazoa	Chordata	Chordata	Chordata	Craniata	Actinopterygii	Actinopteri	Neopterygii	Teleostei	Otomorpha	Ostariophysi	Characiphysae	Siluriformes	Siluroidei	unidentified Siluroidei	unidentified Siluroidei	unidentified Siluroidei	unidentified Siluroidei	unidentified Siluroidei	unidentified Siluroidei	unidentified Siluroidei	unidentified Siluroidei	unidentified Siluroidei	unidentified Siluroidei	unidentified Siluroidei	unidentified Siluroidei	unidentified Siluroidei	unidentified Siluroidei	unidentified Siluroidei	unidentified Siluroidei	unidentified Siluroidei	unidentified Siluroidei	unidentified Siluroidei	unidentified Siluroidei	unidentified Siluroidei
otu_124	Eukaryota	Metazoa	Chordata	Chordata	Chordata	Craniata	Actinopterygii	Actinopteri	Neopterygii	Teleostei	Otomorpha	Ostariophysi	Cypriniphysae	Cypriniformes	Cyprinoidei	Danionidae	Danionidae	Danionidae	Danionidae	Esominae	Esomus	Esomus	Esomus	Esomus metallicus	Esomus metallicus	Esomus metallicus	Esomus metallicus	Esomus metallicus	Esomus metallicus	Esomus metallicus	unidentified Esomus metallicus	unidentified Esomus metallicus	unidentified Esomus metallicus	unidentified Esomus metallicus	unidentified Esomus metallicus	unidentified Esomus metallicus
otu_125	Eukaryota	Metazoa	Chordata	Chordata	Chordata	Craniata	Actinopterygii	Actinopteri	Neopterygii	Teleostei	Euteleosteomorpha	Syngnathiformes	Syngnathiformes	Syngnathiformes	Syngnathoidei	Syngnathidae	Syngnathidae	Syngnathidae	Syngnathidae	Hippocampinae	Hippocampus	Hippocampus	Hippocampus	Hippocampus mohnikei	Hippocampus mohnikei	Hippocampus mohnikei	Hippocampus mohnikei	Hippocampus mohnikei	Hippocampus mohnikei	Hippocampus mohnikei	unidentified Hippocampus mohnikei	unidentified Hippocampus mohnikei	unidentified Hippocampus mohnikei	unidentified Hippocampus mohnikei	unidentified Hippocampus mohnikei	unidentified Hippocampus mohnikei
otu_126	Eukaryota	Metazoa	Chordata	Chordata	Chordata	Craniata	Actinopterygii	Actinopteri	Neopterygii	Teleostei	Otomorpha	Ostariophysi	Cypriniphysae	Cypriniformes	Cyprinoidei	Cyprinidae	Cyprinidae	Cyprinidae	Cyprinidae	unidentified Cyprinidae	unidentified Cyprinidae	unidentified Cyprinidae	unidentified Cyprinidae	unidentified Cyprinidae	unidentified Cyprinidae	unidentified Cyprinidae	unidentified Cyprinidae	unidentified Cyprinidae	unidentified Cyprinidae	unidentified Cyprinidae	unidentified Cyprinidae	unidentified Cyprinidae	unidentified Cyprinidae	unidentified Cyprinidae	unidentified Cyprinidae	unidentified Cyprinidae
otu_127	Eukaryota	Metazoa	Chordata	Chordata	Chordata	Craniata	Actinopterygii	Actinopteri	Neopterygii	Teleostei	Euteleosteomorpha	Gobiiformes	Gobiiformes	Gobiiformes	Gobioidei	Gobiidae	Gobiidae	Gobiidae	Gobiidae	Gobionellinae	Pseudogobius	Pseudogobius	Pseudogobius	Pseudogobius javanicus	Pseudogobius javanicus	Pseudogobius javanicus	Pseudogobius javanicus	Pseudogobius javanicus	Pseudogobius javanicus	Pseudogobius javanicus	unidentified Pseudogobius javanicus	unidentified Pseudogobius javanicus	unidentified Pseudogobius javanicus	unidentified Pseudogobius javanicus	unidentified Pseudogobius javanicus	unidentified Pseudogobius javanicus
otu_128	Eukaryota	Metazoa	Chordata	Chordata	Chordata	Craniata	Sarcopterygii	Dipnomorpha	Dipnomorpha	Ceratodontae	Ceratodontae	Ceratodontae	Ceratodontae	Ceratodontiformes	Lepidosirenoidei	Lepidosirenidae	Lepidosirenidae	Lepidosirenidae	Lepidosirenidae	Lepidosiren	Lepidosiren	Lepidosiren	Lepidosiren	Lepidosiren paradoxa	Lepidosiren paradoxa	Lepidosiren paradoxa	Lepidosiren paradoxa	Lepidosiren paradoxa	Lepidosiren paradoxa	Lepidosiren paradoxa	unidentified Lepidosiren paradoxa	unidentified Lepidosiren paradoxa	unidentified Lepidosiren paradoxa	unidentified Lepidosiren paradoxa	unidentified Lepidosiren paradoxa	unidentified Lepidosiren paradoxa
otu_129	Eukaryota	Metazoa	Chordata	Chordata	Chordata	Craniata	Actinopterygii	Actinopteri	Neopterygii	Teleostei	Euteleosteomorpha	Tetraodontiformes	Tetraodontiformes	Tetraodontiformes	Ostracioidei	Ostracioidei	Ostracioidei	Ostracioidei	Ostraciidae	Lactoria	Lactoria	Lactoria	Lactoria	Lactoria diaphana	Lactoria diaphana	Lactoria diaphana	Lactoria diaphana	Lactoria diaphana	Lactoria diaphana	Lactoria diaphana	unidentified Lactoria diaphana	unidentified Lactoria diaphana	unidentified Lactoria diaphana	unidentified Lactoria diaphana	unidentified Lactoria diaphana	unidentified Lactoria diaphana
otu_130	Eukaryota	Metazoa	Chordata	Chordata	Chordata	Craniata	Actinopterygii	Actinopteri	Neopterygii	Teleostei	Anguilliformes	Anguilliformes	Anguilliformes	Anguilliformes	Congridae	Congridae	Congridae	Congridae	Congridae	Bathymyrinae	Ariosoma	Ariosoma	Ariosoma	unidentified Ariosoma	unidentified Ariosoma	unidentified Ariosoma	unidentified Ariosoma	unidentified Ariosoma	unidentified Ariosoma	unidentified Ariosoma	unidentified Ariosoma	unidentified Ariosoma	unidentified Ariosoma	unidentified Ariosoma	unidentified Ariosoma	unidentified Ariosoma
otu_131	Eukaryota	Metazoa	Chordata	Chordata	Chordata	Craniata	Actinopterygii	Actinopteri	Neopterygii	Teleostei	Euteleosteomorpha	Callanthiidae	Callanthiidae	Callanthiidae	Callanthiidae	Callanthiidae	Callanthiidae	Callanthiidae	Callanthiidae	Callanthias	Callanthias	Callanthias	Callanthias	Callanthias japonicus	Callanthias japonicus	Callanthias japonicus	Callanthias japonicus	Callanthias japonicus	Callanthias japonicus	Callanthias japonicus	unidentified Callanthias japonicus	unidentified Callanthias japonicus	unidentified Callanthias japonicus	unidentified Callanthias japonicus	unidentified Callanthias japonicus	unidentified Callanthias japonicus
otu_132	Eukaryota	Metazoa	Chordata	Chordata	Chordata	Craniata	Actinopterygii	Actinopteri	Neopterygii	Teleostei	Notacanthiformes	Notacanthiformes	Notacanthiformes	Notacanthiformes	Notacanthidae	Notacanthidae	Notacanthidae	Notacanthidae	Notacanthidae	Polyacanthonotus	Polyacanthonotus	Polyacanthonotus	Polyacanthonotus	Polyacanthonotus rissoanus	Polyacanthonotus rissoanus	Polyacanthonotus rissoanus	Polyacanthonotus rissoanus	Polyacanthonotus rissoanus	Polyacanthonotus rissoanus	Polyacanthonotus rissoanus	unidentified Polyacanthonotus rissoanus	unidentified Polyacanthonotus rissoanus	unidentified Polyacanthonotus rissoanus	unidentified Polyacanthonotus rissoanus	unidentified Polyacanthonotus rissoanus	unidentified Polyacanthonotus rissoanus
otu_133	Eukaryota	Metazoa	Chordata	Chordata	Chordata	Craniata	Actinopterygii	Actinopteri	Neopterygii	Teleostei	unidentified Teleostei	unidentified Teleostei	unidentified Teleostei	unidentified Teleostei	unidentified Teleostei	unidentified Teleostei	unidentified Teleostei	unidentified Teleostei	unidentified Teleostei	unidentified Teleostei	unidentified Teleostei	unidentified Teleostei	unidentified Teleostei	unidentified Teleostei	unidentified Teleostei	unidentified Teleostei	unidentified Teleostei	unidentified Teleostei	unidentified Teleostei	unidentified Teleostei	unidentified Teleostei	unidentified Teleostei	unidentified Teleostei	unidentified Teleostei	unidentified Teleostei	unidentified Teleostei
otu_134	Eukaryota	Metazoa	Chordata	Chordata	Chordata	Craniata	Actinopterygii	Actinopteri	Neopterygii	Teleostei	Euteleosteomorpha	Acropomatiformes	Acropomatiformes	Acropomatiformes	unidentified Acropomatiformes	unidentified Acropomatiformes	unidentified Acropomatiformes	unidentified Acropomatiformes	unidentified Acropomatiformes	unidentified Acropomatiformes	unidentified Acropomatiformes	unidentified Acropomatiformes	unidentified Acropomatiformes	unidentified Acropomatiformes	unidentified Acropomatiformes	unidentified Acropomatiformes	unidentified Acropomatiformes	unidentified Acropomatiformes	unidentified Acropomatiformes	unidentified Acropomatiformes	unidentified Acropomatiformes	unidentified Acropomatiformes	unidentified Acropomatiformes	unidentified Acropomatiformes	unidentified Acropomatiformes	unidentified Acropomatiformes
otu_135	Eukaryota	Metazoa	Chordata	Chordata	Chordata	Craniata	Actinopterygii	Actinopteri	Neopterygii	Teleostei	Otomorpha	Clupei	Clupeiformes	Clupeiformes	Clupeoidei	Clupeidae	Clupeidae	Clupeidae	Clupeidae	Clupeinae	Harengula	Harengula	Harengula	Harengula jaguana	Harengula jaguana	Harengula jaguana	Harengula jaguana	Harengula jaguana	Harengula jaguana	Harengula jaguana	unidentified Harengula jaguana	unidentified Harengula jaguana	unidentified Harengula jaguana	unidentified Harengula jaguana	unidentified Harengula jaguana	unidentified Harengula jaguana
otu_136	Eukaryota	Metazoa	Chordata	Chordata	Chordata	Craniata	Actinopterygii	Actinopteri	Neopterygii	Teleostei	Euteleosteomorpha	Gobiiformes	Gobiiformes	Gobiiformes	Gobioidei	Gobiidae	Gobiidae	Gobiidae	Gobiidae	Gobionellinae	Brachygobius	Brachygobius	Brachygobius	Brachygobius doriae	Brachygobius doriae	Brachygobius doriae	Brachygobius doriae	Brachygobius doriae	Brachygobius doriae	Brachygobius doriae	unidentified Brachygobius doriae	unidentified Brachygobius doriae	unidentified Brachygobius doriae	unidentified Brachygobius doriae	unidentified Brachygobius doriae	unidentified Brachygobius doriae
otu_137	Eukaryota	Metazoa	Chordata	Chordata	Chordata	Craniata	Actinopterygii	Actinopteri	Neopterygii	Teleostei	Euteleosteomorpha	Kurtiformes	Kurtiformes	Kurtiformes	Apogonoidei	Apogonidae	Apogonidae	Apogonidae	Apogonidae	Apogoninae	Pterapogon	Pterapogon	Pterapogon	Pterapogon kauderni	Pterapogon kauderni	Pterapogon kauderni	Pterapogon kauderni	Pterapogon kauderni	Pterapogon kauderni	Pterapogon kauderni	unidentified Pterapogon kauderni	unidentified Pterapogon kauderni	unidentified Pterapogon kauderni	unidentified Pterapogon kauderni	unidentified Pterapogon kauderni	unidentified Pterapogon kauderni
otu_138	Eukaryota	Metazoa	Chordata	Chordata	Chordata	Craniata	Actinopterygii	Actinopteri	Neopterygii	Teleostei	Euteleosteomorpha	Lophiiformes	Lophiiformes	Lophiiformes	Lophioidei	Lophiidae	Lophiidae	Lophiidae	Lophiidae	Lophiodes	Lophiodes	Lophiodes	Lophiodes	unidentified Lophiodes	unidentified Lophiodes	unidentified Lophiodes	unidentified Lophiodes	unidentified Lophiodes	unidentified Lophiodes	unidentified Lophiodes	unidentified Lophiodes	unidentified Lophiodes	unidentified Lophiodes	unidentified Lophiodes	unidentified Lophiodes	unidentified Lophiodes
otu_139	Eukaryota	Metazoa	Chordata	Chordata	Chordata	Craniata	Sarcopterygii	Dipnomorpha	Dipnomorpha	Ceratodontae	Ceratodontae	Ceratodontae	Ceratodontae	Ceratodontiformes	Lepidosirenoidei	Protopteridae	Protopteridae	Protopteridae	Protopteridae	Protopterus	Protopterus	Protopterus	Protopterus	unidentified Protopterus	unidentified Protopterus	unidentified Protopterus	unidentified Protopterus	unidentified Protopterus	unidentified Protopterus	unidentified Protopterus	unidentified Protopterus	unidentified Protopterus	unidentified Protopterus	unidentified Protopterus	unidentified Protopterus	unidentified Protopterus
otu_140	Eukaryota	Metazoa	Chordata	Chordata	Chordata	Craniata	Actinopterygii	Actinopteri	Neopterygii	Teleostei	Otomorpha	Ostariophysi	Characiphysae	Characiformes	Characoidei	Chalceidae	Chalceidae	Chalceidae	Chalceidae	Chalceus	Chalceus	Chalceus	Chalceus	unidentified Chalceus	unidentified Chalceus	unidentified Chalceus	unidentified Chalceus	unidentified Chalceus	unidentified Chalceus	unidentified Chalceus	unidentified Chalceus	unidentified Chalceus	unidentified Chalceus	unidentified Chalceus	unidentified Chalceus	unidentified Chalceus
otu_141	Eukaryota	Metazoa	Chordata	Chordata	Chordata	Craniata	Actinopterygii	Actinopteri	Neopterygii	Teleostei	Otomorpha	Ostariophysi	Cypriniphysae	Cypriniformes	Cobitoidei	Cobitidae	Cobitidae	Cobitidae	Cobitidae	Cobitinae	unidentified Cobitinae	unidentified Cobitinae	unidentified Cobitinae	unidentified Cobitinae	unidentified Cobitinae	unidentified Cobitinae	unidentified Cobitinae	unidentified Cobitinae	unidentified Cobitinae	unidentified Cobitinae	unidentified Cobitinae	unidentified Cobitinae	unidentified Cobitinae	unidentified Cobitinae	unidentified Cobitinae	unidentified Cobitinae
otu_142	Eukaryota	Metazoa	Chordata	Chordata	Chordata	Craniata	Actinopterygii	Actinopteri	Neopterygii	Teleostei	Otomorpha	Ostariophysi	Cypriniphysae	Cypriniformes	Cobitoidei	Cobitidae	Cobitidae	Cobitidae	Cobitidae	Cobitinae	Acantopsis	Acantopsis	Acantopsis	unidentified Acantopsis	unidentified Acantopsis	unidentified Acantopsis	unidentified Acantopsis	unidentified Acantopsis	unidentified Acantopsis	unidentified Acantopsis	unidentified Acantopsis	unidentified Acantopsis	unidentified Acantopsis	unidentified Acantopsis	unidentified Acantopsis	unidentified Acantopsis
otu_143	Eukaryota	Metazoa	Chordata	Chordata	Chordata	Craniata	Actinopterygii	Actinopteri	Neopterygii	Teleostei	Euteleosteomorpha	Ambassidae	Ambassidae	Ambassidae	Ambassidae	Ambassidae	Ambassidae	Ambassidae	Ambassidae	Ambassis	Ambassis	Ambassis	Ambassis	unidentified Ambassis	unidentified Ambassis	unidentified Ambassis	unidentified Ambassis	unidentified Ambassis	unidentified Ambassis	unidentified Ambassis	unidentified Ambassis	unidentified Ambassis	unidentified Ambassis	unidentified Ambassis	unidentified Ambassis	unidentified Ambassis
otu_144	Eukaryota	Metazoa	Chordata	Chordata	Chordata	Craniata	Actinopterygii	Actinopteri	Neopterygii	Teleostei	Euteleosteomorpha	Labriformes	Labriformes	Labriformes	Labridae	Labridae	Labridae	Labridae	Labridae	Macropharyngodon	Macropharyngodon	Macropharyngodon	Macropharyngodon	Macropharyngodon negrosensis	Macropharyngodon negrosensis	Macropharyngodon negrosensis	Macropharyngodon negrosensis	Macropharyngodon negrosensis	Macropharyngodon negrosensis	Macropharyngodon negrosensis	unidentified Macropharyngodon negrosensis	unidentified Macropharyngodon negrosensis	unidentified Macropharyngodon negrosensis	unidentified Macropharyngodon negrosensis	unidentified Macropharyngodon negrosensis	unidentified Macropharyngodon negrosensis
otu_145	Eukaryota	Metazoa	Chordata	Chordata	Chordata	Craniata	Actinopterygii	Actinopteri	Neopterygii	Teleostei	Euteleosteomorpha	Anabantiformes	Anabantiformes	Anabantiformes	Channoidei	Channidae	Channidae	Channidae	Channidae	Channa	Channa	Channa	Channa	unidentified Channa	unidentified Channa	unidentified Channa	unidentified Channa	unidentified Channa	unidentified Channa	unidentified Channa	unidentified Channa	unidentified Channa	unidentified Channa	unidentified Channa	unidentified Channa	unidentified Channa
otu_146	Eukaryota	Metazoa	Chordata	Chordata	Chordata	Craniata	Actinopterygii	Actinopteri	Neopterygii	Teleostei	Otomorpha	Ostariophysi	Cypriniphysae	Cypriniformes	Cyprinoidei	Xenocyprididae	Xenocyprididae	Xenocyprididae	Xenocyprididae	Xenocypridinae	Hemiculter	Hemiculter	Hemiculter	unidentified Hemiculter	unidentified Hemiculter	unidentified Hemiculter	unidentified Hemiculter	unidentified Hemiculter	unidentified Hemiculter	unidentified Hemiculter	unidentified Hemiculter	unidentified Hemiculter	unidentified Hemiculter	unidentified Hemiculter	unidentified Hemiculter	unidentified Hemiculter
otu_147	Eukaryota	Metazoa	Chordata	Chordata	Chordata	Craniata	Actinopterygii	Actinopteri	Neopterygii	Teleostei	Euteleosteomorpha	Gobiiformes	Gobiiformes	Gobiiformes	Gobioidei	Gobiidae	Gobiidae	Gobiidae	Gobiidae	Amblyopinae	Trypauchen	Trypauchen	Trypauchen	Trypauchen vagina	Trypauchen vagina	Trypauchen vagina	Trypauchen vagina	Trypauchen vagina	Trypauchen vagina	Trypauchen vagina	unidentified Trypauchen vagina	unidentified Trypauchen vagina	unidentified Trypauchen vagina	unidentified Trypauchen vagina	unidentified Trypauchen vagina	unidentified Trypauchen vagina
otu_148	Eukaryota	Metazoa	Chordata	Chordata	Chordata	Craniata	Actinopterygii	Actinopteri	Neopterygii	Teleostei	Otomorpha	Ostariophysi	Cypriniphysae	Cypriniformes	Cyprinoidei	Gobionidae	Gobionidae	Gobionidae	Gobionidae	Gobioninae	Microphysogobio	Microphysogobio	Microphysogobio	unidentified Microphysogobio	unidentified Microphysogobio	unidentified Microphysogobio	unidentified Microphysogobio	unidentified Microphysogobio	unidentified Microphysogobio	unidentified Microphysogobio	unidentified Microphysogobio	unidentified Microphysogobio	unidentified Microphysogobio	unidentified Microphysogobio	unidentified Microphysogobio	unidentified Microphysogobio
otu_149	Eukaryota	Metazoa	Chordata	Chordata	Chordata	Craniata	Actinopterygii	Actinopteri	Neopterygii	Teleostei	Osteoglossiformes	Osteoglossiformes	Osteoglossiformes	Osteoglossiformes	unidentified Osteoglossiformes	unidentified Osteoglossiformes	unidentified Osteoglossiformes	unidentified Osteoglossiformes	unidentified Osteoglossiformes	unidentified Osteoglossiformes	unidentified Osteoglossiformes	unidentified Osteoglossiformes	unidentified Osteoglossiformes	unidentified Osteoglossiformes	unidentified Osteoglossiformes	unidentified Osteoglossiformes	unidentified Osteoglossiformes	unidentified Osteoglossiformes	unidentified Osteoglossiformes	unidentified Osteoglossiformes	unidentified Osteoglossiformes	unidentified Osteoglossiformes	unidentified Osteoglossiformes	unidentified Osteoglossiformes	unidentified Osteoglossiformes	unidentified Osteoglossiformes
otu_150	Eukaryota	Metazoa	Chordata	Chordata	Chordata	Craniata	Actinopterygii	Actinopteri	Neopterygii	Teleostei	Euteleosteomorpha	Gerreiformes	Gerreiformes	Gerreiformes	Gerreidae	Gerreidae	Gerreidae	Gerreidae	Gerreidae	Gerres	Gerres	Gerres	Gerres	unidentified Gerres	unidentified Gerres	unidentified Gerres	unidentified Gerres	unidentified Gerres	unidentified Gerres	unidentified Gerres	unidentified Gerres	unidentified Gerres	unidentified Gerres	unidentified Gerres	unidentified Gerres	unidentified Gerres
otu_151	Eukaryota	Metazoa	Chordata	Chordata	Chordata	Craniata	Actinopterygii	Actinopteri	Neopterygii	Teleostei	Euteleosteomorpha	Spariformes	Spariformes	Spariformes	Nemipteridae	Nemipteridae	Nemipteridae	Nemipteridae	Nemipteridae	Nemipterus	Nemipterus	Nemipterus	Nemipterus	Nemipterus bathybius	Nemipterus bathybius	Nemipterus bathybius	Nemipterus bathybius	Nemipterus bathybius	Nemipterus bathybius	Nemipterus bathybius	unidentified Nemipterus bathybius	unidentified Nemipterus bathybius	unidentified Nemipterus bathybius	unidentified Nemipterus bathybius	unidentified Nemipterus bathybius	unidentified Nemipterus bathybius
otu_152	Eukaryota	Metazoa	Chordata	Chordata	Chordata	Craniata	Actinopterygii	Actinopteri	Neopterygii	Teleostei	Euteleosteomorpha	Stomiiformes	Stomiiformes	Stomiiformes	Diplophidae	Diplophidae	Diplophidae	Diplophidae	Diplophidae	Diplophos	Diplophos	Diplophos	Diplophos	Diplophos taenia	Diplophos taenia	Diplophos taenia	Diplophos taenia	Diplophos taenia	Diplophos taenia	Diplophos taenia	unidentified Diplophos taenia	unidentified Diplophos taenia	unidentified Diplophos taenia	unidentified Diplophos taenia	unidentified Diplophos taenia	unidentified Diplophos taenia
otu_153	Eukaryota	Metazoa	Chordata	Chordata	Chordata	Craniata	Actinopterygii	Actinopteri	Neopterygii	Teleostei	Euteleosteomorpha	Lophiiformes	Lophiiformes	Lophiiformes	Ceratioidei	Diceratiidae	Diceratiidae	Diceratiidae	Diceratiidae	unidentified Diceratiidae	unidentified Diceratiidae	unidentified Diceratiidae	unidentified Diceratiidae	unidentified Diceratiidae	unidentified Diceratiidae	unidentified Diceratiidae	unidentified Diceratiidae	unidentified Diceratiidae	unidentified Diceratiidae	unidentified Diceratiidae	unidentified Diceratiidae	unidentified Diceratiidae	unidentified Diceratiidae	unidentified Diceratiidae	unidentified Diceratiidae	unidentified Diceratiidae
otu_154	Eukaryota	Metazoa	Chordata	Chordata	Chordata	Craniata	Actinopterygii	Actinopteri	Neopterygii	Teleostei	Euteleosteomorpha	Carangiformes	Carangiformes	Carangiformes	Echeneidae	Echeneidae	Echeneidae	Echeneidae	Echeneidae	Echeneis	Echeneis	Echeneis	Echeneis	unidentified Echeneis	unidentified Echeneis	unidentified Echeneis	unidentified Echeneis	unidentified Echeneis	unidentified Echeneis	unidentified Echeneis	unidentified Echeneis	unidentified Echeneis	unidentified Echeneis	unidentified Echeneis	unidentified Echeneis	unidentified Echeneis
otu_155	Eukaryota	Metazoa	Chordata	Chordata	Chordata	Craniata	Actinopterygii	Actinopteri	Neopterygii	Teleostei	Euteleosteomorpha	Labriformes	Labriformes	Labriformes	Labridae	Labridae	Labridae	Labridae	Labridae	Halichoeres	Halichoeres	Halichoeres	Halichoeres	Halichoeres melanurus	Halichoeres melanurus	Halichoeres melanurus	Halichoeres melanurus	Halichoeres melanurus	Halichoeres melanurus	Halichoeres melanurus	unidentified Halichoeres melanurus	unidentified Halichoeres melanurus	unidentified Halichoeres melanurus	unidentified Halichoeres melanurus	unidentified Halichoeres melanurus	unidentified Halichoeres melanurus
otu_156	Eukaryota	Metazoa	Chordata	Chordata	Chordata	Craniata	Actinopterygii	Actinopteri	Neopterygii	Teleostei	Otomorpha	Ostariophysi	Cypriniphysae	Cypriniformes	Cyprinoidei	Cyprinidae	Cyprinidae	Cyprinidae	Cyprinidae	Labeoninae	Henicorhynchus	Henicorhynchus	Henicorhynchus	Henicorhynchus siamensis	Henicorhynchus siamensis	Henicorhynchus siamensis	Henicorhynchus siamensis	Henicorhynchus siamensis	Henicorhynchus siamensis	Henicorhynchus siamensis	unidentified Henicorhynchus siamensis	unidentified Henicorhynchus siamensis	unidentified Henicorhynchus siamensis	unidentified Henicorhynchus siamensis	unidentified Henicorhynchus siamensis	unidentified Henicorhynchus siamensis
otu_157	Eukaryota	Metazoa	Chordata	Chordata	Chordata	Craniata	Actinopterygii	Actinopteri	Neopterygii	Teleostei	Anguilliformes	Anguilliformes	Anguilliformes	Anguilliformes	Muraenidae	Muraenidae	Muraenidae	Muraenidae	Muraenidae	Muraeninae	Gymnomuraena	Gymnomuraena	Gymnomuraena	Gymnomuraena zebra	Gymnomuraena zebra	Gymnomuraena zebra	Gymnomuraena zebra	Gymnomuraena zebra	Gymnomuraena zebra	Gymnomuraena zebra	unidentified Gymnomuraena zebra	unidentified Gymnomuraena zebra	unidentified Gymnomuraena zebra	unidentified Gymnomuraena zebra	unidentified Gymnomuraena zebra	unidentified Gymnomuraena zebra
otu_158	Eukaryota	Metazoa	Chordata	Chordata	Chordata	Craniata	Actinopterygii	Actinopteri	Neopterygii	Teleostei	Euteleosteomorpha	unidentified Euteleosteomorpha	unidentified Euteleosteomorpha	unidentified Euteleosteomorpha	unidentified Euteleosteomorpha	unidentified Euteleosteomorpha	unidentified Euteleosteomorpha	unidentified Euteleosteomorpha	unidentified Euteleosteomorpha	unidentified Euteleosteomorpha	unidentified Euteleosteomorpha	unidentified Euteleosteomorpha	unidentified Euteleosteomorpha	unidentified Euteleosteomorpha	unidentified Euteleosteomorpha	unidentified Euteleosteomorpha	unidentified Euteleosteomorpha	unidentified Euteleosteomorpha	unidentified Euteleosteomorpha	unidentified Euteleosteomorpha	unidentified Euteleosteomorpha	unidentified Euteleosteomorpha	unidentified Euteleosteomorpha	unidentified Euteleosteomorpha	unidentified Euteleosteomorpha	unidentified Euteleosteomorpha
otu_159	Eukaryota	Metazoa	Chordata	Chordata	Chordata	Craniata	Actinopterygii	Actinopteri	Neopterygii	Teleostei	Euteleosteomorpha	Centrarchiformes	Centrarchiformes	Centrarchiformes	Terapontoidei	Terapontoidei	Terapontoidei	Terapontoidei	Girellidae	Girella	Girella	Girella	Girella	Girella punctata	Girella punctata	Girella punctata	Girella punctata	Girella punctata	Girella punctata	Girella punctata	unidentified Girella punctata	unidentified Girella punctata	unidentified Girella punctata	unidentified Girella punctata	unidentified Girella punctata	unidentified Girella punctata
otu_160	Eukaryota	Metazoa	Chordata	Chordata	Chordata	Craniata	Actinopterygii	Actinopteri	Neopterygii	Teleostei	Hiodontiformes	Hiodontiformes	Hiodontiformes	Hiodontiformes	Hiodontidae	Hiodontidae	Hiodontidae	Hiodontidae	Hiodontidae	Hiodon	Hiodon	Hiodon	Hiodon	unidentified Hiodon	unidentified Hiodon	unidentified Hiodon	unidentified Hiodon	unidentified Hiodon	unidentified Hiodon	unidentified Hiodon	unidentified Hiodon	unidentified Hiodon	unidentified Hiodon	unidentified Hiodon	unidentified Hiodon	unidentified Hiodon
otu_161	Eukaryota	Metazoa	Chordata	Chordata	Chordata	Craniata	Actinopterygii	Actinopteri	Neopterygii	Teleostei	Euteleosteomorpha	Labriformes	Labriformes	Labriformes	Odacidae	Odacidae	Odacidae	Odacidae	Odacidae	unidentified Odacidae	unidentified Odacidae	unidentified Odacidae	unidentified Odacidae	unidentified Odacidae	unidentified Odacidae	unidentified Odacidae	unidentified Odacidae	unidentified Odacidae	unidentified Odacidae	unidentified Odacidae	unidentified Odacidae	unidentified Odacidae	unidentified Odacidae	unidentified Odacidae	unidentified Odacidae	unidentified Odacidae
otu_162	Eukaryota	Metazoa	Chordata	Chordata	Chordata	Craniata	Actinopterygii	Actinopteri	Neopterygii	Teleostei	Osteoglossiformes	Osteoglossiformes	Osteoglossiformes	Osteoglossiformes	Osteoglossidae	Osteoglossidae	Osteoglossidae	Osteoglossidae	Osteoglossidae	Scleropages	Scleropages	Scleropages	Scleropages	Scleropages formosus	Scleropages formosus	Scleropages formosus	Scleropages formosus	Scleropages formosus	Scleropages formosus	Scleropages formosus	unidentified Scleropages formosus	unidentified Scleropages formosus	unidentified Scleropages formosus	unidentified Scleropages formosus	unidentified Scleropages formosus	unidentified Scleropages formosus
otu_163	Eukaryota	Metazoa	Chordata	Chordata	Chordata	Craniata	Actinopterygii	Actinopteri	Neopterygii	Teleostei	Otomorpha	Ostariophysi	Cypriniphysae	Cypriniformes	Cobitoidei	Cobitidae	Cobitidae	Cobitidae	Cobitidae	Cobitinae	Lepidocephalichthys	Lepidocephalichthys	Lepidocephalichthys	unidentified Lepidocephalichthys	unidentified Lepidocephalichthys	unidentified Lepidocephalichthys	unidentified Lepidocephalichthys	unidentified Lepidocephalichthys	unidentified Lepidocephalichthys	unidentified Lepidocephalichthys	unidentified Lepidocephalichthys	unidentified Lepidocephalichthys	unidentified Lepidocephalichthys	unidentified Lepidocephalichthys	unidentified Lepidocephalichthys	unidentified Lepidocephalichthys
otu_164	Eukaryota	Metazoa	Chordata	Chordata	Chordata	Craniata	Actinopterygii	Actinopteri	Neopterygii	Teleostei	Euteleosteomorpha	Synbranchiformes	Synbranchiformes	Synbranchiformes	Mastacembeloidei	Mastacembelidae	Mastacembelidae	Mastacembelidae	Mastacembelidae	Mastacembelus	Mastacembelus	Mastacembelus	Mastacembelus	Mastacembelus armatus	Mastacembelus armatus	Mastacembelus armatus	Mastacembelus armatus	Mastacembelus armatus	Mastacembelus armatus	Mastacembelus armatus	unidentified Mastacembelus armatus	unidentified Mastacembelus armatus	unidentified Mastacembelus armatus	unidentified Mastacembelus armatus	unidentified Mastacembelus armatus	unidentified Mastacembelus armatus
otu_165	Eukaryota	Metazoa	Chordata	Chordata	Chordata	Craniata	Actinopterygii	Actinopteri	Neopterygii	Teleostei	Euteleosteomorpha	Pleuronectiformes	Pleuronectiformes	Pleuronectiformes	Pleuronectoidei	Soleidae	Soleidae	Soleidae	Soleidae	Heteromycteris	Heteromycteris	Heteromycteris	Heteromycteris	unidentified Heteromycteris	unidentified Heteromycteris	unidentified Heteromycteris	unidentified Heteromycteris	unidentified Heteromycteris	unidentified Heteromycteris	unidentified Heteromycteris	unidentified Heteromycteris	unidentified Heteromycteris	unidentified Heteromycteris	unidentified Heteromycteris	unidentified Heteromycteris	unidentified Heteromycteris
otu_166	Eukaryota	Metazoa	Chordata	Chordata	Chordata	Craniata	Actinopterygii	Actinopteri	Neopterygii	Teleostei	Otomorpha	Ostariophysi	Cypriniphysae	Cypriniformes	Cobitoidei	Botiidae	Botiidae	Botiidae	Botiidae	Leptobotia	Leptobotia	Leptobotia	Leptobotia	unidentified Leptobotia	unidentified Leptobotia	unidentified Leptobotia	unidentified Leptobotia	unidentified Leptobotia	unidentified Leptobotia	unidentified Leptobotia	unidentified Leptobotia	unidentified Leptobotia	unidentified Leptobotia	unidentified Leptobotia	unidentified Leptobotia	unidentified Leptobotia
otu_167	Eukaryota	Metazoa	Chordata	Chordata	Chordata	Craniata	Actinopterygii	Actinopteri	Neopterygii	Teleostei	Euteleosteomorpha	Gadiformes	Gadiformes	Gadiformes	Gadoidei	Gadidae	Gadidae	Gadidae	Gadidae	Eleginus	Eleginus	Eleginus	Eleginus	Eleginus gracilis	Eleginus gracilis	Eleginus gracilis	Eleginus gracilis	Eleginus gracilis	Eleginus gracilis	Eleginus gracilis	unidentified Eleginus gracilis	unidentified Eleginus gracilis	unidentified Eleginus gracilis	unidentified Eleginus gracilis	unidentified Eleginus gracilis	unidentified Eleginus gracilis
otu_168	Eukaryota	Metazoa	Chordata	Chordata	Chordata	Craniata	Actinopterygii	Actinopteri	Neopterygii	Teleostei	Anguilliformes	Anguilliformes	Anguilliformes	Anguilliformes	Moringuidae	Moringuidae	Moringuidae	Moringuidae	Moringuidae	Moringua	Moringua	Moringua	Moringua	Moringua edwardsi	Moringua edwardsi	Moringua edwardsi	Moringua edwardsi	Moringua edwardsi	Moringua edwardsi	Moringua edwardsi	unidentified Moringua edwardsi	unidentified Moringua edwardsi	unidentified Moringua edwardsi	unidentified Moringua edwardsi	unidentified Moringua edwardsi	unidentified Moringua edwardsi
otu_169	Eukaryota	Metazoa	Chordata	Chordata	Chordata	Craniata	Actinopterygii	Actinopteri	Neopterygii	Teleostei	Euteleosteomorpha	Atherinomorphae	Atherinomorphae	Beloniformes	Adrianichthyoidei	Adrianichthyidae	Adrianichthyidae	Adrianichthyidae	Adrianichthyidae	Oryziinae	Oryzias	Oryzias	Oryzias	unidentified Oryzias	unidentified Oryzias	unidentified Oryzias	unidentified Oryzias	unidentified Oryzias	unidentified Oryzias	unidentified Oryzias	unidentified Oryzias	unidentified Oryzias	unidentified Oryzias	unidentified Oryzias	unidentified Oryzias	unidentified Oryzias
otu_170	Eukaryota	Metazoa	Chordata	Chordata	Chordata	Craniata	Actinopterygii	Actinopteri	Neopterygii	Teleostei	Euteleosteomorpha	Gobiiformes	Gobiiformes	Gobiiformes	Gobioidei	Gobiidae	Gobiidae	Gobiidae	Gobiidae	Gobionellinae	Pseudogobius	Pseudogobius	Pseudogobius	unidentified Pseudogobius	unidentified Pseudogobius	unidentified Pseudogobius	unidentified Pseudogobius	unidentified Pseudogobius	unidentified Pseudogobius	unidentified Pseudogobius	unidentified Pseudogobius	unidentified Pseudogobius	unidentified Pseudogobius	unidentified Pseudogobius	unidentified Pseudogobius	unidentified Pseudogobius
otu_171	Eukaryota	Metazoa	Chordata	Chordata	Chordata	Craniata	Actinopterygii	Actinopteri	Neopterygii	Teleostei	Euteleosteomorpha	Syngnathiformes	Syngnathiformes	Syngnathiformes	Syngnathoidei	Syngnathidae	Syngnathidae	Syngnathidae	Syngnathidae	Syngnathinae	Phycodurus	Phycodurus	Phycodurus	Phycodurus eques	Phycodurus eques	Phycodurus eques	Phycodurus eques	Phycodurus eques	Phycodurus eques	Phycodurus eques	unidentified Phycodurus eques	unidentified Phycodurus eques	unidentified Phycodurus eques	unidentified Phycodurus eques	unidentified Phycodurus eques	unidentified Phycodurus eques
otu_172	Eukaryota	Metazoa	Chordata	Chordata	Chordata	Craniata	Actinopterygii	Actinopteri	Neopterygii	Teleostei	Euteleosteomorpha	Cichlomorphae	Cichlomorphae	Cichliformes	Cichlidae	Cichlidae	Cichlidae	Cichlidae	Cichlidae	Cichlasomatinae	Cichlasomatini	Nannacara	Nannacara	Nannacara anomala	Nannacara anomala	Nannacara anomala	Nannacara anomala	Nannacara anomala	Nannacara anomala	Nannacara anomala	unidentified Nannacara anomala	unidentified Nannacara anomala	unidentified Nannacara anomala	unidentified Nannacara anomala	unidentified Nannacara anomala	unidentified Nannacara anomala
otu_173	Eukaryota	Metazoa	Chordata	Chordata	Chordata	Craniata	Actinopterygii	Actinopteri	Neopterygii	Teleostei	Euteleosteomorpha	Gobiiformes	Gobiiformes	Gobiiformes	Gobioidei	Gobiidae	Gobiidae	Gobiidae	Gobiidae	Gobionellinae	Luciogobius	Luciogobius	Luciogobius	Luciogobius elongatus	Luciogobius elongatus	Luciogobius elongatus	Luciogobius elongatus	Luciogobius elongatus	Luciogobius elongatus	Luciogobius elongatus	unidentified Luciogobius elongatus	unidentified Luciogobius elongatus	unidentified Luciogobius elongatus	unidentified Luciogobius elongatus	unidentified Luciogobius elongatus	unidentified Luciogobius elongatus
otu_174	Eukaryota	Metazoa	Chordata	Chordata	Chordata	Craniata	Actinopterygii	Actinopteri	Neopterygii	Teleostei	Otomorpha	Ostariophysi	Cypriniphysae	Cypriniformes	Cyprinoidei	Cyprinidae	Cyprinidae	Cyprinidae	Cyprinidae	Acrossocheilinae	Onychostoma	Onychostoma	Onychostoma	unidentified Onychostoma	unidentified Onychostoma	unidentified Onychostoma	unidentified Onychostoma	unidentified Onychostoma	unidentified Onychostoma	unidentified Onychostoma	unidentified Onychostoma	unidentified Onychostoma	unidentified Onychostoma	unidentified Onychostoma	unidentified Onychostoma	unidentified Onychostoma
otu_175	Eukaryota	Metazoa	Chordata	Chordata	Chordata	Craniata	Actinopterygii	Actinopteri	Neopterygii	Teleostei	Euteleosteomorpha	Mugiliformes	Mugiliformes	Mugiliformes	Mugilidae	Mugilidae	Mugilidae	Mugilidae	Mugilidae	Crenimugil	Crenimugil	Crenimugil	Crenimugil	unidentified Crenimugil	unidentified Crenimugil	unidentified Crenimugil	unidentified Crenimugil	unidentified Crenimugil	unidentified Crenimugil	unidentified Crenimugil	unidentified Crenimugil	unidentified Crenimugil	unidentified Crenimugil	unidentified Crenimugil	unidentified Crenimugil	unidentified Crenimugil
otu_176	Eukaryota	Metazoa	Chordata	Chordata	Chordata	Craniata	Actinopterygii	Actinopteri	Neopterygii	Teleostei	Euteleosteomorpha	Pleuronectiformes	Pleuronectiformes	Pleuronectiformes	Pleuronectoidei	Bothidae	Bothidae	Bothidae	Bothidae	Crossorhombus	Crossorhombus	Crossorhombus	Crossorhombus	Crossorhombus kobensis	Crossorhombus kobensis	Crossorhombus kobensis	Crossorhombus kobensis	Crossorhombus kobensis	Crossorhombus kobensis	Crossorhombus kobensis	unidentified Crossorhombus kobensis	unidentified Crossorhombus kobensis	unidentified Crossorhombus kobensis	unidentified Crossorhombus kobensis	unidentified Crossorhombus kobensis	unidentified Crossorhombus kobensis
otu_177	Eukaryota	Metazoa	Chordata	Chordata	Chordata	Craniata	Actinopterygii	Actinopteri	Neopterygii	Teleostei	Euteleosteomorpha	Lophiiformes	Lophiiformes	Lophiiformes	Ogcocephalioidei	Ogcocephalidae	Ogcocephalidae	Ogcocephalidae	Ogcocephalidae	unidentified Ogcocephalidae	unidentified Ogcocephalidae	unidentified Ogcocephalidae	unidentified Ogcocephalidae	unidentified Ogcocephalidae	unidentified Ogcocephalidae	unidentified Ogcocephalidae	unidentified Ogcocephalidae	unidentified Ogcocephalidae	unidentified Ogcocephalidae	unidentified Ogcocephalidae	unidentified Ogcocephalidae	unidentified Ogcocephalidae	unidentified Ogcocephalidae	unidentified Ogcocephalidae	unidentified Ogcocephalidae	unidentified Ogcocephalidae
otu_178	Eukaryota	Metazoa	Chordata	Chordata	Chordata	Craniata	Actinopterygii	Actinopteri	Neopterygii	Teleostei	Euteleosteomorpha	Tetraodontiformes	Tetraodontiformes	Tetraodontiformes	Balistoidea	Balistoidea	Balistoidea	Balistoidea	Monacanthidae	Stephanolepis	Stephanolepis	Stephanolepis	Stephanolepis	Stephanolepis cirrhifer	Stephanolepis cirrhifer	Stephanolepis cirrhifer	Stephanolepis cirrhifer	Stephanolepis cirrhifer	Stephanolepis cirrhifer	Stephanolepis cirrhifer	unidentified Stephanolepis cirrhifer	unidentified Stephanolepis cirrhifer	unidentified Stephanolepis cirrhifer	unidentified Stephanolepis cirrhifer	unidentified Stephanolepis cirrhifer	unidentified Stephanolepis cirrhifer
otu_179	Eukaryota	Metazoa	Chordata	Chordata	Chordata	Craniata	Actinopterygii	Actinopteri	Neopterygii	Teleostei	Euteleosteomorpha	Pleuronectiformes	Pleuronectiformes	Pleuronectiformes	Pleuronectoidei	Cyclopsettidae	Cyclopsettidae	Cyclopsettidae	Cyclopsettidae	Cyclopsetta	Cyclopsetta	Cyclopsetta	Cyclopsetta	unidentified Cyclopsetta	unidentified Cyclopsetta	unidentified Cyclopsetta	unidentified Cyclopsetta	unidentified Cyclopsetta	unidentified Cyclopsetta	unidentified Cyclopsetta	unidentified Cyclopsetta	unidentified Cyclopsetta	unidentified Cyclopsetta	unidentified Cyclopsetta	unidentified Cyclopsetta	unidentified Cyclopsetta
otu_180	Eukaryota	Metazoa	Chordata	Chordata	Chordata	Craniata	Actinopterygii	Actinopteri	Neopterygii	Teleostei	Otomorpha	Clupei	Clupeiformes	Clupeiformes	Clupeoidei	Clupeidae	Clupeidae	Clupeidae	Clupeidae	Alosinae	Alosa	Alosa	Alosa	Alosa aestivalis	Alosa aestivalis	Alosa aestivalis	Alosa aestivalis	Alosa aestivalis	Alosa aestivalis	Alosa aestivalis	unidentified Alosa aestivalis	unidentified Alosa aestivalis	unidentified Alosa aestivalis	unidentified Alosa aestivalis	unidentified Alosa aestivalis	unidentified Alosa aestivalis
otu_181	Eukaryota	Metazoa	Chordata	Chordata	Chordata	Craniata	Actinopterygii	Actinopteri	Neopterygii	Teleostei	Euteleosteomorpha	Spariformes	Spariformes	Spariformes	Nemipteridae	Nemipteridae	Nemipteridae	Nemipteridae	Nemipteridae	Scolopsis	Scolopsis	Scolopsis	Scolopsis	Scolopsis vosmeri	Scolopsis vosmeri	Scolopsis vosmeri	Scolopsis vosmeri	Scolopsis vosmeri	Scolopsis vosmeri	Scolopsis vosmeri	unidentified Scolopsis vosmeri	unidentified Scolopsis vosmeri	unidentified Scolopsis vosmeri	unidentified Scolopsis vosmeri	unidentified Scolopsis vosmeri	unidentified Scolopsis vosmeri
otu_182	Eukaryota	Metazoa	Chordata	Chordata	Chordata	Craniata	Actinopterygii	Actinopteri	Neopterygii	Teleostei	Euteleosteomorpha	Cichlomorphae	Cichlomorphae	Cichliformes	Cichlidae	Cichlidae	Cichlidae	Cichlidae	Cichlidae	Pseudocrenilabrinae	Oreochromini	unidentified Oreochromini	unidentified Oreochromini	unidentified Oreochromini	unidentified Oreochromini	unidentified Oreochromini	unidentified Oreochromini	unidentified Oreochromini	unidentified Oreochromini	unidentified Oreochromini	unidentified Oreochromini	unidentified Oreochromini	unidentified Oreochromini	unidentified Oreochromini	unidentified Oreochromini	unidentified Oreochromini
otu_183	Eukaryota	Metazoa	Chordata	Chordata	Chordata	Craniata	Actinopterygii	Actinopteri	Neopterygii	Teleostei	Euteleosteomorpha	Syngnathiformes	Syngnathiformes	Syngnathiformes	Fistulariidae	Fistulariidae	Fistulariidae	Fistulariidae	Fistulariidae	Fistularia	Fistularia	Fistularia	Fistularia	Fistularia commersonii	Fistularia commersonii	Fistularia commersonii	Fistularia commersonii	Fistularia commersonii	Fistularia commersonii	Fistularia commersonii	unidentified Fistularia commersonii	unidentified Fistularia commersonii	unidentified Fistularia commersonii	unidentified Fistularia commersonii	unidentified Fistularia commersonii	unidentified Fistularia commersonii
otu_184	Eukaryota	Metazoa	Chordata	Chordata	Chordata	Craniata	Actinopterygii	Actinopteri	Neopterygii	Teleostei	Otomorpha	Ostariophysi	Cypriniphysae	Cypriniformes	Cyprinoidei	Cyprinidae	Cyprinidae	Cyprinidae	Cyprinidae	Smiliogastrinae	unidentified Smiliogastrinae	unidentified Smiliogastrinae	unidentified Smiliogastrinae	unidentified Smiliogastrinae	unidentified Smiliogastrinae	unidentified Smiliogastrinae	unidentified Smiliogastrinae	unidentified Smiliogastrinae	unidentified Smiliogastrinae	unidentified Smiliogastrinae	unidentified Smiliogastrinae	unidentified Smiliogastrinae	unidentified Smiliogastrinae	unidentified Smiliogastrinae	unidentified Smiliogastrinae	unidentified Smiliogastrinae
otu_185	Eukaryota	Metazoa	Chordata	Chordata	Chordata	Craniata	Actinopterygii	Actinopteri	Neopterygii	Teleostei	Euteleosteomorpha	Centrarchiformes	Centrarchiformes	Centrarchiformes	Percichthyoidei	Percichthyoidei	Percichthyoidei	Percichthyoidei	Percichthyidae	Nannoperca	Nannoperca	Nannoperca	Nannoperca	Nannoperca obscura	Nannoperca obscura	Nannoperca obscura	Nannoperca obscura	Nannoperca obscura	Nannoperca obscura	Nannoperca obscura	unidentified Nannoperca obscura	unidentified Nannoperca obscura	unidentified Nannoperca obscura	unidentified Nannoperca obscura	unidentified Nannoperca obscura	unidentified Nannoperca obscura
otu_186	Eukaryota	Metazoa	Chordata	Chordata	Chordata	Craniata	Actinopterygii	Actinopteri	Neopterygii	Teleostei	Euteleosteomorpha	Labriformes	Labriformes	Labriformes	Labridae	Labridae	Labridae	Labridae	Labridae	Bodianus	Bodianus	Bodianus	Bodianus	Bodianus oxycephalus	Bodianus oxycephalus	Bodianus oxycephalus	Bodianus oxycephalus	Bodianus oxycephalus	Bodianus oxycephalus	Bodianus oxycephalus	unidentified Bodianus oxycephalus	unidentified Bodianus oxycephalus	unidentified Bodianus oxycephalus	unidentified Bodianus oxycephalus	unidentified Bodianus oxycephalus	unidentified Bodianus oxycephalus
otu_187	Eukaryota	Metazoa	Chordata	Chordata	Chordata	Craniata	Actinopterygii	Actinopteri	Neopterygii	Teleostei	Euteleosteomorpha	Perciformes	Perciformes	Perciformes	Cottioidei	Zoarcales	Anarhichadidae	Anarhichadidae	Anarhichadidae	Anarhichas	Anarhichas	Anarhichas	Anarhichas	unidentified Anarhichas	unidentified Anarhichas	unidentified Anarhichas	unidentified Anarhichas	unidentified Anarhichas	unidentified Anarhichas	unidentified Anarhichas	unidentified Anarhichas	unidentified Anarhichas	unidentified Anarhichas	unidentified Anarhichas	unidentified Anarhichas	unidentified Anarhichas
otu_188	Eukaryota	Metazoa	Chordata	Chordata	Chordata	Craniata	Actinopterygii	Actinopteri	Neopterygii	Teleostei	Euteleosteomorpha	Syngnathiformes	Syngnathiformes	Syngnathiformes	Syngnathoidei	Syngnathidae	Syngnathidae	Syngnathidae	Syngnathidae	Syngnathinae	Doryrhamphus	Doryrhamphus	Doryrhamphus	Doryrhamphus japonicus	Doryrhamphus japonicus	Doryrhamphus japonicus	Doryrhamphus japonicus	Doryrhamphus japonicus	Doryrhamphus japonicus	Doryrhamphus japonicus	unidentified Doryrhamphus japonicus	unidentified Doryrhamphus japonicus	unidentified Doryrhamphus japonicus	unidentified Doryrhamphus japonicus	unidentified Doryrhamphus japonicus	unidentified Doryrhamphus japonicus
otu_189	Eukaryota	Metazoa	Chordata	Chordata	Chordata	Craniata	Actinopterygii	Actinopteri	Neopterygii	Teleostei	Euteleosteomorpha	Anabantiformes	Anabantiformes	Anabantiformes	Channoidei	Channidae	Channidae	Channidae	Channidae	Channa	Channa	Channa	Channa	unidentified Channa	unidentified Channa	unidentified Channa	unidentified Channa	unidentified Channa	unidentified Channa	unidentified Channa	unidentified Channa	unidentified Channa	unidentified Channa	unidentified Channa	unidentified Channa	unidentified Channa
otu_190	Eukaryota	Metazoa	Chordata	Chordata	Chordata	Craniata	Actinopterygii	Actinopteri	Neopterygii	Teleostei	Otomorpha	Ostariophysi	Characiphysae	Siluriformes	Siluroidei	Claroteidae	Claroteidae	Claroteidae	Claroteidae	Chrysichthys	Chrysichthys	Chrysichthys	Chrysichthys	unidentified Chrysichthys	unidentified Chrysichthys	unidentified Chrysichthys	unidentified Chrysichthys	unidentified Chrysichthys	unidentified Chrysichthys	unidentified Chrysichthys	unidentified Chrysichthys	unidentified Chrysichthys	unidentified Chrysichthys	unidentified Chrysichthys	unidentified Chrysichthys	unidentified Chrysichthys
otu_191	Eukaryota	Metazoa	Chordata	Chordata	Chordata	Craniata	Actinopterygii	Actinopteri	Neopterygii	Teleostei	Euteleosteomorpha	Atherinomorphae	Atherinomorphae	Cyprinodontiformes	Cyprinodontoidei	Cyprinodontidae	Cyprinodontidae	Cyprinodontidae	Cyprinodontidae	Cyprinodontinae	Orestiniini	Orestias	Orestias	unidentified Orestias	unidentified Orestias	unidentified Orestias	unidentified Orestias	unidentified Orestias	unidentified Orestias	unidentified Orestias	unidentified Orestias	unidentified Orestias	unidentified Orestias	unidentified Orestias	unidentified Orestias	unidentified Orestias
otu_192	Eukaryota	Metazoa	Chordata	Chordata	Chordata	Craniata	Actinopterygii	Actinopteri	Neopterygii	Teleostei	Euteleosteomorpha	Perciformes	Perciformes	Perciformes	Notothenioidei	Channichthyidae	Channichthyidae	Channichthyidae	Channichthyidae	Champsocephalus	Champsocephalus	Champsocephalus	Champsocephalus	unidentified Champsocephalus	unidentified Champsocephalus	unidentified Champsocephalus	unidentified Champsocephalus	unidentified Champsocephalus	unidentified Champsocephalus	unidentified Champsocephalus	unidentified Champsocephalus	unidentified Champsocephalus	unidentified Champsocephalus	unidentified Champsocephalus	unidentified Champsocephalus	unidentified Champsocephalus
otu_193	Eukaryota	Metazoa	Chordata	Chordata	Chordata	Craniata	Actinopterygii	Actinopteri	Neopterygii	Teleostei	Euteleosteomorpha	Acanthuriformes	Acanthuriformes	Acanthuriformes	Acanthuridae	Acanthuridae	Acanthuridae	Acanthuridae	Acanthuridae	Acanthurinae	unidentified Acanthurinae	unidentified Acanthurinae	unidentified Acanthurinae	unidentified Acanthurinae	unidentified Acanthurinae	unidentified Acanthurinae	unidentified Acanthurinae	unidentified Acanthurinae	unidentified Acanthurinae	unidentified Acanthurinae	unidentified Acanthurinae	unidentified Acanthurinae	unidentified Acanthurinae	unidentified Acanthurinae	unidentified Acanthurinae	unidentified Acanthurinae
otu_194	Eukaryota	Metazoa	Chordata	Chordata	Chordata	Craniata	Actinopterygii	Actinopteri	Neopterygii	Teleostei	Euteleosteomorpha	Scombriformes	Scombriformes	Scombriformes	Scombridae	Scombridae	Scombridae	Scombridae	Scombridae	Scombrinae	Scomberomorini	Scomberomorus	Scomberomorus	unidentified Scomberomorus	unidentified Scomberomorus	unidentified Scomberomorus	unidentified Scomberomorus	unidentified Scomberomorus	unidentified Scomberomorus	unidentified Scomberomorus	unidentified Scomberomorus	unidentified Scomberomorus	unidentified Scomberomorus	unidentified Scomberomorus	unidentified Scomberomorus	unidentified Scomberomorus
otu_195	Eukaryota	Metazoa	Chordata	Chordata	Chordata	Craniata	Actinopterygii	Actinopteri	Neopterygii	Teleostei	Euteleosteomorpha	Gobiiformes	Gobiiformes	Gobiiformes	Gobioidei	Gobiidae	Gobiidae	Gobiidae	Gobiidae	Gobionellinae	Amblychaeturichthys	Amblychaeturichthys	Amblychaeturichthys	Amblychaeturichthys hexanema	Amblychaeturichthys hexanema	Amblychaeturichthys hexanema	Amblychaeturichthys hexanema	Amblychaeturichthys hexanema	Amblychaeturichthys hexanema	Amblychaeturichthys hexanema	unidentified Amblychaeturichthys hexanema	unidentified Amblychaeturichthys hexanema	unidentified Amblychaeturichthys hexanema	unidentified Amblychaeturichthys hexanema	unidentified Amblychaeturichthys hexanema	unidentified Amblychaeturichthys hexanema
otu_196	Eukaryota	Metazoa	Chordata	Chordata	Chordata	Craniata	Actinopterygii	Actinopteri	Neopterygii	Teleostei	Euteleosteomorpha	Chaetodontiformes	Chaetodontiformes	Chaetodontiformes	Chaetodontidae	Chaetodontidae	Chaetodontidae	Chaetodontidae	Chaetodontidae	Heniochus	Heniochus	Heniochus	Heniochus	unidentified Heniochus	unidentified Heniochus	unidentified Heniochus	unidentified Heniochus	unidentified Heniochus	unidentified Heniochus	unidentified Heniochus	unidentified Heniochus	unidentified Heniochus	unidentified Heniochus	unidentified Heniochus	unidentified Heniochus	unidentified Heniochus
otu_197	Eukaryota	Metazoa	Chordata	Chordata	Chordata	Craniata	Actinopterygii	Actinopteri	Neopterygii	Teleostei	Euteleosteomorpha	Pleuronectiformes	Pleuronectiformes	Pleuronectiformes	Pleuronectoidei	Cynoglossidae	Cynoglossidae	Cynoglossidae	Cynoglossidae	Cynoglossinae	Cynoglossus	Cynoglossus	Cynoglossus	Cynoglossus quadrilineatus	Cynoglossus quadrilineatus	Cynoglossus quadrilineatus	Cynoglossus quadrilineatus	Cynoglossus quadrilineatus	Cynoglossus quadrilineatus	Cynoglossus quadrilineatus	unidentified Cynoglossus quadrilineatus	unidentified Cynoglossus quadrilineatus	unidentified Cynoglossus quadrilineatus	unidentified Cynoglossus quadrilineatus	unidentified Cynoglossus quadrilineatus	unidentified Cynoglossus quadrilineatus
otu_198	Eukaryota	Metazoa	Chordata	Chordata	Chordata	Craniata	Actinopterygii	Actinopteri	Neopterygii	Teleostei	Euteleosteomorpha	Gobiiformes	Gobiiformes	Gobiiformes	Gobioidei	Gobiidae	Gobiidae	Gobiidae	Gobiidae	Gobionellinae	Eucyclogobius	Eucyclogobius	Eucyclogobius	Eucyclogobius newberryi	Eucyclogobius newberryi	Eucyclogobius newberryi	Eucyclogobius newberryi	Eucyclogobius newberryi	Eucyclogobius newberryi	Eucyclogobius newberryi	unidentified Eucyclogobius newberryi	unidentified Eucyclogobius newberryi	unidentified Eucyclogobius newberryi	unidentified Eucyclogobius newberryi	unidentified Eucyclogobius newberryi	unidentified Eucyclogobius newberryi
otu_199	Eukaryota	Metazoa	Chordata	Chordata	Chordata	Craniata	Actinopterygii	Actinopteri	Neopterygii	Teleostei	Otomorpha	Ostariophysi	Cypriniphysae	Cypriniformes	Cyprinoidei	Cyprinidae	Cyprinidae	Cyprinidae	Cyprinidae	Labeoninae	Labeonini	Labeo	Labeo	unidentified Labeo	unidentified Labeo	unidentified Labeo	unidentified Labeo	unidentified Labeo	unidentified Labeo	unidentified Labeo	unidentified Labeo	unidentified Labeo	unidentified Labeo	unidentified Labeo	unidentified Labeo	unidentified Labeo
otu_200	Eukaryota	Metazoa	Chordata	Chordata	Chordata	Craniata	Actinopterygii	Actinopteri	Neopterygii	Teleostei	Euteleosteomorpha	Stomiiformes	Stomiiformes	Stomiiformes	Stomiidae	Stomiidae	Stomiidae	Stomiidae	Stomiidae	Chauliodontinae	Chauliodus	Chauliodus	Chauliodus	Chauliodus sloani	Chauliodus sloani	Chauliodus sloani	Chauliodus sloani	Chauliodus sloani	Chauliodus sloani	Chauliodus sloani	unidentified Chauliodus sloani	unidentified Chauliodus sloani	unidentified Chauliodus sloani	unidentified Chauliodus sloani	unidentified Chauliodus sloani	unidentified Chauliodus sloani
otu_201	Eukaryota	Metazoa	Chordata	Chordata	Chordata	Craniata	Actinopterygii	Actinopteri	Neopterygii	Teleostei	Anguilliformes	Anguilliformes	Anguilliformes	Anguilliformes	unidentified Anguilliformes	unidentified Anguilliformes	unidentified Anguilliformes	unidentified Anguilliformes	unidentified Anguilliformes	unidentified Anguilliformes	unidentified Anguilliformes	unidentified Anguilliformes	unidentified Anguilliformes	unidentified Anguilliformes	unidentified Anguilliformes	unidentified Anguilliformes	unidentified Anguilliformes	unidentified Anguilliformes	unidentified Anguilliformes	unidentified Anguilliformes	unidentified Anguilliformes	unidentified Anguilliformes	unidentified Anguilliformes	unidentified Anguilliformes	unidentified Anguilliformes	unidentified Anguilliformes
otu_202	Eukaryota	Metazoa	Chordata	Chordata	Chordata	Craniata	Actinopterygii	Actinopteri	Neopterygii	Teleostei	Euteleosteomorpha	Lophiiformes	Lophiiformes	Lophiiformes	Ceratioidei	Linophrynidae	Linophrynidae	Linophrynidae	Linophrynidae	unidentified Linophrynidae	unidentified Linophrynidae	unidentified Linophrynidae	unidentified Linophrynidae	unidentified Linophrynidae	unidentified Linophrynidae	unidentified Linophrynidae	unidentified Linophrynidae	unidentified Linophrynidae	unidentified Linophrynidae	unidentified Linophrynidae	unidentified Linophrynidae	unidentified Linophrynidae	unidentified Linophrynidae	unidentified Linophrynidae	unidentified Linophrynidae	unidentified Linophrynidae
otu_203	Eukaryota	Metazoa	Chordata	Chordata	Chordata	Craniata	Actinopterygii	Actinopteri	Neopterygii	Teleostei	Euteleosteomorpha	Perciformes	Perciformes	Perciformes	Platycephaloidei	Platycephalidae	Platycephalidae	Platycephalidae	Platycephalidae	unidentified Platycephalidae	unidentified Platycephalidae	unidentified Platycephalidae	unidentified Platycephalidae	unidentified Platycephalidae	unidentified Platycephalidae	unidentified Platycephalidae	unidentified Platycephalidae	unidentified Platycephalidae	unidentified Platycephalidae	unidentified Platycephalidae	unidentified Platycephalidae	unidentified Platycephalidae	unidentified Platycephalidae	unidentified Platycephalidae	unidentified Platycephalidae	unidentified Platycephalidae
otu_204	Eukaryota	Metazoa	Chordata	Chordata	Chordata	Craniata	Actinopterygii	Actinopteri	Neopterygii	Teleostei	Euteleosteomorpha	Atherinomorphae	Atherinomorphae	Beloniformes	Belonoidei	Belonidae	Belonidae	Belonidae	Belonidae	unidentified Belonidae	unidentified Belonidae	unidentified Belonidae	unidentified Belonidae	unidentified Belonidae	unidentified Belonidae	unidentified Belonidae	unidentified Belonidae	unidentified Belonidae	unidentified Belonidae	unidentified Belonidae	unidentified Belonidae	unidentified Belonidae	unidentified Belonidae	unidentified Belonidae	unidentified Belonidae	unidentified Belonidae
otu_205	Eukaryota	Metazoa	Chordata	Chordata	Chordata	Craniata	Actinopterygii	Actinopteri	Neopterygii	Teleostei	Euteleosteomorpha	Aulopiformes	Aulopiformes	Aulopiformes	Aulopoidei	Aulopidae	Aulopidae	Aulopidae	Aulopidae	Hime	Hime	Hime	Hime	Hime japonica	Hime japonica	Hime japonica	Hime japonica	Hime japonica	Hime japonica	Hime japonica	unidentified Hime japonica	unidentified Hime japonica	unidentified Hime japonica	unidentified Hime japonica	unidentified Hime japonica	unidentified Hime japonica
otu_206	Eukaryota	Metazoa	Chordata	Chordata	Chordata	Craniata	Actinopterygii	Actinopteri	Neopterygii	Teleostei	Euteleosteomorpha	unidentified Euteleosteomorpha	unidentified Euteleosteomorpha	unidentified Euteleosteomorpha	unidentified Euteleosteomorpha	unidentified Euteleosteomorpha	unidentified Euteleosteomorpha	unidentified Euteleosteomorpha	unidentified Euteleosteomorpha	unidentified Euteleosteomorpha	unidentified Euteleosteomorpha	unidentified Euteleosteomorpha	unidentified Euteleosteomorpha	unidentified Euteleosteomorpha	unidentified Euteleosteomorpha	unidentified Euteleosteomorpha	unidentified Euteleosteomorpha	unidentified Euteleosteomorpha	unidentified Euteleosteomorpha	unidentified Euteleosteomorpha	unidentified Euteleosteomorpha	unidentified Euteleosteomorpha	unidentified Euteleosteomorpha	unidentified Euteleosteomorpha	unidentified Euteleosteomorpha	unidentified Euteleosteomorpha
otu_207	Eukaryota	Metazoa	Chordata	Chordata	Chordata	Craniata	Actinopterygii	Actinopteri	Neopterygii	Teleostei	Euteleosteomorpha	Gobiiformes	Gobiiformes	Gobiiformes	Gobioidei	Gobiidae	Gobiidae	Gobiidae	Gobiidae	Gobionellinae	Tridentiger	Tridentiger	Tridentiger	unidentified Tridentiger	unidentified Tridentiger	unidentified Tridentiger	unidentified Tridentiger	unidentified Tridentiger	unidentified Tridentiger	unidentified Tridentiger	unidentified Tridentiger	unidentified Tridentiger	unidentified Tridentiger	unidentified Tridentiger	unidentified Tridentiger	unidentified Tridentiger
otu_208	Eukaryota	Metazoa	Chordata	Chordata	Chordata	Craniata	Actinopterygii	Actinopteri	Neopterygii	Teleostei	Anguilliformes	Anguilliformes	Anguilliformes	Anguilliformes	Muraenidae	Muraenidae	Muraenidae	Muraenidae	Muraenidae	Muraeninae	Gymnothorax	Gymnothorax	Gymnothorax	Gymnothorax niphostigmus	Gymnothorax niphostigmus	Gymnothorax niphostigmus	Gymnothorax niphostigmus	Gymnothorax niphostigmus	Gymnothorax niphostigmus	Gymnothorax niphostigmus	unidentified Gymnothorax niphostigmus	unidentified Gymnothorax niphostigmus	unidentified Gymnothorax niphostigmus	unidentified Gymnothorax niphostigmus	unidentified Gymnothorax niphostigmus	unidentified Gymnothorax niphostigmus
otu_209	Eukaryota	Metazoa	Chordata	Chordata	Chordata	Craniata	Actinopterygii	Actinopteri	Neopterygii	Teleostei	Otomorpha	Ostariophysi	Characiphysae	Characiformes	Citharinoidei	Citharinidae	Citharinidae	Citharinidae	Citharinidae	Citharininae	Citharinus	Citharinus	Citharinus	unidentified Citharinus	unidentified Citharinus	unidentified Citharinus	unidentified Citharinus	unidentified Citharinus	unidentified Citharinus	unidentified Citharinus	unidentified Citharinus	unidentified Citharinus	unidentified Citharinus	unidentified Citharinus	unidentified Citharinus	unidentified Citharinus
otu_210	Eukaryota	Metazoa	Chordata	Chordata	Chordata	Craniata	Actinopterygii	Actinopteri	Neopterygii	Teleostei	Euteleosteomorpha	Pleuronectiformes	Pleuronectiformes	Pleuronectiformes	Pleuronectoidei	Paralichthyidae	Paralichthyidae	Paralichthyidae	Paralichthyidae	Pseudorhombus	Pseudorhombus	Pseudorhombus	Pseudorhombus	unidentified Pseudorhombus	unidentified Pseudorhombus	unidentified Pseudorhombus	unidentified Pseudorhombus	unidentified Pseudorhombus	unidentified Pseudorhombus	unidentified Pseudorhombus	unidentified Pseudorhombus	unidentified Pseudorhombus	unidentified Pseudorhombus	unidentified Pseudorhombus	unidentified Pseudorhombus	unidentified Pseudorhombus
otu_211	Eukaryota	Metazoa	Chordata	Chordata	Chordata	Craniata	Actinopterygii	Actinopteri	Neopterygii	Teleostei	Euteleosteomorpha	Atherinomorphae	Atherinomorphae	Atheriniformes	Bedotiidae	Bedotiidae	Bedotiidae	Bedotiidae	Bedotiidae	Bedotia	Bedotia	Bedotia	Bedotia	Bedotia geayi	Bedotia geayi	Bedotia geayi	Bedotia geayi	Bedotia geayi	Bedotia geayi	Bedotia geayi	unidentified Bedotia geayi	unidentified Bedotia geayi	unidentified Bedotia geayi	unidentified Bedotia geayi	unidentified Bedotia geayi	unidentified Bedotia geayi
otu_212	Eukaryota	Metazoa	Chordata	Chordata	Chordata	Craniata	Actinopterygii	Actinopteri	Neopterygii	Teleostei	Euteleosteomorpha	Myctophiformes	Myctophiformes	Myctophiformes	Myctophidae	Myctophidae	Myctophidae	Myctophidae	Myctophidae	Electrona	Electrona	Electrona	Electrona	unidentified Electrona	unidentified Electrona	unidentified Electrona	unidentified Electrona	unidentified Electrona	unidentified Electrona	unidentified Electrona	unidentified Electrona	unidentified Electrona	unidentified Electrona	unidentified Electrona	unidentified Electrona	unidentified Electrona
otu_213	Eukaryota	Metazoa	Chordata	Chordata	Chordata	Craniata	Actinopterygii	Actinopteri	Neopterygii	Teleostei	Otomorpha	Ostariophysi	Cypriniphysae	Cypriniformes	Cyprinoidei	Cyprinidae	Cyprinidae	Cyprinidae	Cyprinidae	Smiliogastrinae	unidentified Smiliogastrinae	unidentified Smiliogastrinae	unidentified Smiliogastrinae	unidentified Smiliogastrinae	unidentified Smiliogastrinae	unidentified Smiliogastrinae	unidentified Smiliogastrinae	unidentified Smiliogastrinae	unidentified Smiliogastrinae	unidentified Smiliogastrinae	unidentified Smiliogastrinae	unidentified Smiliogastrinae	unidentified Smiliogastrinae	unidentified Smiliogastrinae	unidentified Smiliogastrinae	unidentified Smiliogastrinae
otu_214	Eukaryota	Metazoa	Chordata	Chordata	Chordata	Craniata	Actinopterygii	Actinopteri	Neopterygii	Teleostei	Otomorpha	Ostariophysi	Cypriniphysae	Cypriniformes	Cyprinoidei	Cyprinidae	Cyprinidae	Cyprinidae	Cyprinidae	Smiliogastrinae	unidentified Smiliogastrinae	unidentified Smiliogastrinae	unidentified Smiliogastrinae	unidentified Smiliogastrinae	unidentified Smiliogastrinae	unidentified Smiliogastrinae	unidentified Smiliogastrinae	unidentified Smiliogastrinae	unidentified Smiliogastrinae	unidentified Smiliogastrinae	unidentified Smiliogastrinae	unidentified Smiliogastrinae	unidentified Smiliogastrinae	unidentified Smiliogastrinae	unidentified Smiliogastrinae	unidentified Smiliogastrinae
otu_215	Eukaryota	Metazoa	Chordata	Chordata	Chordata	Craniata	Actinopterygii	Actinopteri	Neopterygii	Teleostei	Euteleosteomorpha	Scombriformes	Scombriformes	Scombriformes	Trichiuridae	Trichiuridae	Trichiuridae	Trichiuridae	Trichiuridae	Trichiurinae	Trichiurus	Trichiurus	Trichiurus	unidentified Trichiurus	unidentified Trichiurus	unidentified Trichiurus	unidentified Trichiurus	unidentified Trichiurus	unidentified Trichiurus	unidentified Trichiurus	unidentified Trichiurus	unidentified Trichiurus	unidentified Trichiurus	unidentified Trichiurus	unidentified Trichiurus	unidentified Trichiurus
otu_216	Eukaryota	Metazoa	Chordata	Chordata	Chordata	Craniata	Actinopterygii	Actinopteri	Neopterygii	Teleostei	Otomorpha	Ostariophysi	Cypriniphysae	Cypriniformes	Cobitoidei	Nemacheilidae	Nemacheilidae	Nemacheilidae	Nemacheilidae	unidentified Nemacheilidae	unidentified Nemacheilidae	unidentified Nemacheilidae	unidentified Nemacheilidae	unidentified Nemacheilidae	unidentified Nemacheilidae	unidentified Nemacheilidae	unidentified Nemacheilidae	unidentified Nemacheilidae	unidentified Nemacheilidae	unidentified Nemacheilidae	unidentified Nemacheilidae	unidentified Nemacheilidae	unidentified Nemacheilidae	unidentified Nemacheilidae	unidentified Nemacheilidae	unidentified Nemacheilidae
otu_217	Eukaryota	Metazoa	Chordata	Chordata	Chordata	Craniata	Actinopterygii	Actinopteri	Neopterygii	Teleostei	Euteleosteomorpha	Gadiformes	Gadiformes	Gadiformes	Macrouroidei	Macrouridae	Macrouridae	Macrouridae	Macrouridae	Macrourinae	unidentified Macrourinae	unidentified Macrourinae	unidentified Macrourinae	unidentified Macrourinae	unidentified Macrourinae	unidentified Macrourinae	unidentified Macrourinae	unidentified Macrourinae	unidentified Macrourinae	unidentified Macrourinae	unidentified Macrourinae	unidentified Macrourinae	unidentified Macrourinae	unidentified Macrourinae	unidentified Macrourinae	unidentified Macrourinae
otu_218	Eukaryota	Metazoa	Chordata	Chordata	Chordata	Craniata	Actinopterygii	Actinopteri	Neopterygii	Teleostei	Euteleosteomorpha	Anabantiformes	Anabantiformes	Anabantiformes	Anabantoidei	Helostomatidae	Helostomatidae	Helostomatidae	Helostomatidae	Helostoma	Helostoma	Helostoma	Helostoma	Helostoma temminkii	Helostoma temminkii	Helostoma temminkii	Helostoma temminkii	Helostoma temminkii	Helostoma temminkii	Helostoma temminkii	unidentified Helostoma temminkii	unidentified Helostoma temminkii	unidentified Helostoma temminkii	unidentified Helostoma temminkii	unidentified Helostoma temminkii	unidentified Helostoma temminkii
otu_219	Eukaryota	Metazoa	Chordata	Chordata	Chordata	Craniata	Actinopterygii	Actinopteri	Neopterygii	Teleostei	Euteleosteomorpha	Esociformes	Esociformes	Esociformes	unidentified Esociformes	unidentified Esociformes	unidentified Esociformes	unidentified Esociformes	unidentified Esociformes	unidentified Esociformes	unidentified Esociformes	unidentified Esociformes	unidentified Esociformes	unidentified Esociformes	unidentified Esociformes	unidentified Esociformes	unidentified Esociformes	unidentified Esociformes	unidentified Esociformes	unidentified Esociformes	unidentified Esociformes	unidentified Esociformes	unidentified Esociformes	unidentified Esociformes	unidentified Esociformes	unidentified Esociformes
otu_220	Eukaryota	Metazoa	Chordata	Chordata	Chordata	Craniata	Actinopterygii	Actinopteri	Neopterygii	Teleostei	Otomorpha	Ostariophysi	Characiphysae	Siluriformes	Siluroidei	Aspredinidae	Aspredinidae	Aspredinidae	Aspredinidae	Bunocephalus	Bunocephalus	Bunocephalus	Bunocephalus	unidentified Bunocephalus	unidentified Bunocephalus	unidentified Bunocephalus	unidentified Bunocephalus	unidentified Bunocephalus	unidentified Bunocephalus	unidentified Bunocephalus	unidentified Bunocephalus	unidentified Bunocephalus	unidentified Bunocephalus	unidentified Bunocephalus	unidentified Bunocephalus	unidentified Bunocephalus
otu_221	Eukaryota	Metazoa	Chordata	Chordata	Chordata	Craniata	Actinopterygii	Actinopteri	Neopterygii	Teleostei	Euteleosteomorpha	Gobiiformes	Gobiiformes	Gobiiformes	Gobioidei	Gobiidae	Gobiidae	Gobiidae	Gobiidae	Gobionellinae	Eugnathogobius	Eugnathogobius	Eugnathogobius	unidentified Eugnathogobius	unidentified Eugnathogobius	unidentified Eugnathogobius	unidentified Eugnathogobius	unidentified Eugnathogobius	unidentified Eugnathogobius	unidentified Eugnathogobius	unidentified Eugnathogobius	unidentified Eugnathogobius	unidentified Eugnathogobius	unidentified Eugnathogobius	unidentified Eugnathogobius	unidentified Eugnathogobius
otu_222	Eukaryota	Metazoa	Chordata	Chordata	Chordata	Craniata	Actinopterygii	Actinopteri	Neopterygii	Teleostei	Euteleosteomorpha	Tetraodontiformes	Tetraodontiformes	Tetraodontiformes	Tetraodontoidei	Tetradontoidea	Tetradontoidea	Tetradontoidea	Tetraodontidae	unidentified Tetraodontidae	unidentified Tetraodontidae	unidentified Tetraodontidae	unidentified Tetraodontidae	unidentified Tetraodontidae	unidentified Tetraodontidae	unidentified Tetraodontidae	unidentified Tetraodontidae	unidentified Tetraodontidae	unidentified Tetraodontidae	unidentified Tetraodontidae	unidentified Tetraodontidae	unidentified Tetraodontidae	unidentified Tetraodontidae	unidentified Tetraodontidae	unidentified Tetraodontidae	unidentified Tetraodontidae
otu_223	Eukaryota	Metazoa	Chordata	Chordata	Chordata	Craniata	Actinopterygii	Actinopteri	Neopterygii	Teleostei	Euteleosteomorpha	Scombriformes	Scombriformes	Scombriformes	Arripidae	Arripidae	Arripidae	Arripidae	Arripidae	Arripis	Arripis	Arripis	Arripis	Arripis trutta	Arripis trutta	Arripis trutta	Arripis trutta	Arripis trutta	Arripis trutta	Arripis trutta	unidentified Arripis trutta	unidentified Arripis trutta	unidentified Arripis trutta	unidentified Arripis trutta	unidentified Arripis trutta	unidentified Arripis trutta
otu_224	Eukaryota	Metazoa	Chordata	Chordata	Chordata	Craniata	Actinopterygii	Actinopteri	Neopterygii	Teleostei	Otomorpha	Clupei	Clupeiformes	Clupeiformes	Clupeoidei	Clupeidae	Clupeidae	Clupeidae	Clupeidae	Clupeinae	Sardinella	Sardinella	Sardinella	unidentified Sardinella	unidentified Sardinella	unidentified Sardinella	unidentified Sardinella	unidentified Sardinella	unidentified Sardinella	unidentified Sardinella	unidentified Sardinella	unidentified Sardinella	unidentified Sardinella	unidentified Sardinella	unidentified Sardinella	unidentified Sardinella
otu_225	Eukaryota	Metazoa	Chordata	Chordata	Chordata	Craniata	Actinopterygii	Actinopteri	Neopterygii	Teleostei	Euteleosteomorpha	Synbranchiformes	Synbranchiformes	Synbranchiformes	Mastacembeloidei	Mastacembelidae	Mastacembelidae	Mastacembelidae	Mastacembelidae	Macrognathus	Macrognathus	Macrognathus	Macrognathus	Macrognathus pancalus	Macrognathus pancalus	Macrognathus pancalus	Macrognathus pancalus	Macrognathus pancalus	Macrognathus pancalus	Macrognathus pancalus	unidentified Macrognathus pancalus	unidentified Macrognathus pancalus	unidentified Macrognathus pancalus	unidentified Macrognathus pancalus	unidentified Macrognathus pancalus	unidentified Macrognathus pancalus
otu_226	Eukaryota	Metazoa	Chordata	Chordata	Chordata	Craniata	Actinopterygii	Actinopteri	Neopterygii	Teleostei	Euteleosteomorpha	Labriformes	Labriformes	Labriformes	Labridae	Labridae	Labridae	Labridae	Labridae	Bolbometopon	Bolbometopon	Bolbometopon	Bolbometopon	Bolbometopon muricatum	Bolbometopon muricatum	Bolbometopon muricatum	Bolbometopon muricatum	Bolbometopon muricatum	Bolbometopon muricatum	Bolbometopon muricatum	unidentified Bolbometopon muricatum	unidentified Bolbometopon muricatum	unidentified Bolbometopon muricatum	unidentified Bolbometopon muricatum	unidentified Bolbometopon muricatum	unidentified Bolbometopon muricatum
otu_227	Eukaryota	Metazoa	Chordata	Chordata	Chordata	Craniata	Actinopterygii	Actinopteri	Neopterygii	Teleostei	Euteleosteomorpha	Mugiliformes	Mugiliformes	Mugiliformes	Mugilidae	Mugilidae	Mugilidae	Mugilidae	Mugilidae	unidentified Mugilidae	unidentified Mugilidae	unidentified Mugilidae	unidentified Mugilidae	unidentified Mugilidae	unidentified Mugilidae	unidentified Mugilidae	unidentified Mugilidae	unidentified Mugilidae	unidentified Mugilidae	unidentified Mugilidae	unidentified Mugilidae	unidentified Mugilidae	unidentified Mugilidae	unidentified Mugilidae	unidentified Mugilidae	unidentified Mugilidae
otu_228	Eukaryota	Metazoa	Chordata	Chordata	Chordata	Craniata	Actinopterygii	Actinopteri	Neopterygii	Teleostei	Euteleosteomorpha	Labriformes	Labriformes	Labriformes	Labridae	Labridae	Labridae	Labridae	Labridae	Calotomus	Calotomus	Calotomus	Calotomus	Calotomus japonicus	Calotomus japonicus	Calotomus japonicus	Calotomus japonicus	Calotomus japonicus	Calotomus japonicus	Calotomus japonicus	unidentified Calotomus japonicus	unidentified Calotomus japonicus	unidentified Calotomus japonicus	unidentified Calotomus japonicus	unidentified Calotomus japonicus	unidentified Calotomus japonicus
otu_229	Eukaryota	Metazoa	Chordata	Chordata	Chordata	Craniata	Actinopterygii	Actinopteri	Neopterygii	Teleostei	Otomorpha	Ostariophysi	Gonorynchiformes	Gonorynchiformes	Knerioidei	Kneriidae	Kneriidae	Kneriidae	Kneriidae	Kneriinae	Kneria	Kneria	Kneria	unidentified Kneria	unidentified Kneria	unidentified Kneria	unidentified Kneria	unidentified Kneria	unidentified Kneria	unidentified Kneria	unidentified Kneria	unidentified Kneria	unidentified Kneria	unidentified Kneria	unidentified Kneria	unidentified Kneria
otu_230	Eukaryota	Metazoa	Chordata	Chordata	Chordata	Craniata	Actinopterygii	Actinopteri	Neopterygii	Teleostei	Euteleosteomorpha	Siganidae	Siganidae	Siganidae	Siganidae	Siganidae	Siganidae	Siganidae	Siganidae	Siganus	Siganus	Siganus	Siganus	unidentified Siganus	unidentified Siganus	unidentified Siganus	unidentified Siganus	unidentified Siganus	unidentified Siganus	unidentified Siganus	unidentified Siganus	unidentified Siganus	unidentified Siganus	unidentified Siganus	unidentified Siganus	unidentified Siganus
otu_231	Eukaryota	Metazoa	Chordata	Chordata	Chordata	Craniata	Actinopterygii	Actinopteri	Neopterygii	Teleostei	Euteleosteomorpha	Syngnathiformes	Syngnathiformes	Syngnathiformes	Centriscidae	Centriscidae	Centriscidae	Centriscidae	Centriscidae	Centriscinae	Aeoliscus	Aeoliscus	Aeoliscus	Aeoliscus strigatus	Aeoliscus strigatus	Aeoliscus strigatus	Aeoliscus strigatus	Aeoliscus strigatus	Aeoliscus strigatus	Aeoliscus strigatus	unidentified Aeoliscus strigatus	unidentified Aeoliscus strigatus	unidentified Aeoliscus strigatus	unidentified Aeoliscus strigatus	unidentified Aeoliscus strigatus	unidentified Aeoliscus strigatus
otu_232	Eukaryota	Metazoa	Chordata	Chordata	Chordata	Craniata	Actinopterygii	Actinopteri	Neopterygii	Teleostei	Otomorpha	Ostariophysi	Cypriniphysae	Cypriniformes	Cyprinoidei	Cyprinidae	Cyprinidae	Cyprinidae	Cyprinidae	Acrossocheilinae	Acrossocheilus	Acrossocheilus	Acrossocheilus	unidentified Acrossocheilus	unidentified Acrossocheilus	unidentified Acrossocheilus	unidentified Acrossocheilus	unidentified Acrossocheilus	unidentified Acrossocheilus	unidentified Acrossocheilus	unidentified Acrossocheilus	unidentified Acrossocheilus	unidentified Acrossocheilus	unidentified Acrossocheilus	unidentified Acrossocheilus	unidentified Acrossocheilus
otu_233	Eukaryota	Metazoa	Chordata	Chordata	Chordata	Craniata	Actinopterygii	Actinopteri	Neopterygii	Teleostei	Otomorpha	Ostariophysi	Cypriniphysae	Cypriniformes	Cobitoidei	Nemacheilidae	Nemacheilidae	Nemacheilidae	Nemacheilidae	Triplophysa	Triplophysa	Triplophysa	Triplophysa	Triplophysa yarkandensis	Triplophysa yarkandensis	Triplophysa yarkandensis	Triplophysa yarkandensis	Triplophysa yarkandensis	Triplophysa yarkandensis	Triplophysa yarkandensis	unidentified Triplophysa yarkandensis	unidentified Triplophysa yarkandensis	unidentified Triplophysa yarkandensis	unidentified Triplophysa yarkandensis	unidentified Triplophysa yarkandensis	unidentified Triplophysa yarkandensis
otu_234	Eukaryota	Metazoa	Chordata	Chordata	Chordata	Craniata	Actinopterygii	Actinopteri	Neopterygii	Teleostei	Euteleosteomorpha	Blenniiformes	Blenniiformes	Blenniiformes	Blennioidei	Blenniidae	Blenniidae	Blenniidae	Blenniidae	Blenniinae	Petroscirtes	Petroscirtes	Petroscirtes	Petroscirtes breviceps	Petroscirtes breviceps	Petroscirtes breviceps	Petroscirtes breviceps	Petroscirtes breviceps	Petroscirtes breviceps	Petroscirtes breviceps	unidentified Petroscirtes breviceps	unidentified Petroscirtes breviceps	unidentified Petroscirtes breviceps	unidentified Petroscirtes breviceps	unidentified Petroscirtes breviceps	unidentified Petroscirtes breviceps
otu_235	Eukaryota	Metazoa	Chordata	Chordata	Chordata	Craniata	Actinopterygii	Actinopteri	Neopterygii	Teleostei	Euteleosteomorpha	Sciaenidae	Sciaenidae	Sciaenidae	Sciaenidae	Sciaenidae	Sciaenidae	Sciaenidae	Sciaenidae	Johnius	Johnius	Johnius	Johnius	unidentified Johnius	unidentified Johnius	unidentified Johnius	unidentified Johnius	unidentified Johnius	unidentified Johnius	unidentified Johnius	unidentified Johnius	unidentified Johnius	unidentified Johnius	unidentified Johnius	unidentified Johnius	unidentified Johnius
otu_236	Eukaryota	Metazoa	Chordata	Chordata	Chordata	Craniata	Actinopterygii	Actinopteri	Neopterygii	Teleostei	Euteleosteomorpha	Gobiiformes	Gobiiformes	Gobiiformes	Gobioidei	Gobiidae	Gobiidae	Gobiidae	Gobiidae	Gobiinae	Exyrias	Exyrias	Exyrias	Exyrias puntang	Exyrias puntang	Exyrias puntang	Exyrias puntang	Exyrias puntang	Exyrias puntang	Exyrias puntang	unidentified Exyrias puntang	unidentified Exyrias puntang	unidentified Exyrias puntang	unidentified Exyrias puntang	unidentified Exyrias puntang	unidentified Exyrias puntang
otu_237	Eukaryota	Metazoa	Chordata	Chordata	Chordata	Craniata	Actinopterygii	Actinopteri	Neopterygii	Teleostei	Euteleosteomorpha	Galaxiiformes	Galaxiiformes	Galaxiiformes	Galaxiidae	Galaxiidae	Galaxiidae	Galaxiidae	Galaxiidae	Galaxiinae	Galaxiini	Galaxias	Galaxias	unidentified Galaxias	unidentified Galaxias	unidentified Galaxias	unidentified Galaxias	unidentified Galaxias	unidentified Galaxias	unidentified Galaxias	unidentified Galaxias	unidentified Galaxias	unidentified Galaxias	unidentified Galaxias	unidentified Galaxias	unidentified Galaxias
otu_238	Eukaryota	Metazoa	Chordata	Chordata	Chordata	Craniata	Actinopterygii	Actinopteri	Neopterygii	Teleostei	Euteleosteomorpha	Lobotiformes	Lobotiformes	Lobotiformes	Hapalogenyidae	Hapalogenyidae	Hapalogenyidae	Hapalogenyidae	Hapalogenyidae	Hapalogenys	Hapalogenys	Hapalogenys	Hapalogenys	Hapalogenys nigripinnis	Hapalogenys nigripinnis	Hapalogenys nigripinnis	Hapalogenys nigripinnis	Hapalogenys nigripinnis	Hapalogenys nigripinnis	Hapalogenys nigripinnis	unidentified Hapalogenys nigripinnis	unidentified Hapalogenys nigripinnis	unidentified Hapalogenys nigripinnis	unidentified Hapalogenys nigripinnis	unidentified Hapalogenys nigripinnis	unidentified Hapalogenys nigripinnis
otu_239	Eukaryota	Metazoa	Chordata	Chordata	Chordata	Craniata	Actinopterygii	Actinopteri	Neopterygii	Teleostei	Otomorpha	Ostariophysi	Gonorynchiformes	Gonorynchiformes	Gonorynchoidei	Gonorynchidae	Gonorynchidae	Gonorynchidae	Gonorynchidae	Gonorynchus	Gonorynchus	Gonorynchus	Gonorynchus	unidentified Gonorynchus	unidentified Gonorynchus	unidentified Gonorynchus	unidentified Gonorynchus	unidentified Gonorynchus	unidentified Gonorynchus	unidentified Gonorynchus	unidentified Gonorynchus	unidentified Gonorynchus	unidentified Gonorynchus	unidentified Gonorynchus	unidentified Gonorynchus	unidentified Gonorynchus
otu_240	Eukaryota	Metazoa	Chordata	Chordata	Chordata	Craniata	Actinopterygii	Actinopteri	Neopterygii	Teleostei	Euteleosteomorpha	Labriformes	Labriformes	Labriformes	Labridae	Labridae	Labridae	Labridae	Labridae	Pseudolabrus	Pseudolabrus	Pseudolabrus	Pseudolabrus	Pseudolabrus eoethinus	Pseudolabrus eoethinus	Pseudolabrus eoethinus	Pseudolabrus eoethinus	Pseudolabrus eoethinus	Pseudolabrus eoethinus	Pseudolabrus eoethinus	unidentified Pseudolabrus eoethinus	unidentified Pseudolabrus eoethinus	unidentified Pseudolabrus eoethinus	unidentified Pseudolabrus eoethinus	unidentified Pseudolabrus eoethinus	unidentified Pseudolabrus eoethinus
